	ʔQCB͈ÁTЪ	accabát	306	(文法上の)文
	ʔQCÚLЪ	accúḷ	52	〜(対格)を書く
	:ʔCЪW͈IKNЪTIʔÉ	acwikantie	715	論文
	ʔD	adha	53	目
	ʔDWÁC̠I̠NЪ	adhaháṣin	817	審美眼に乏しいような
	ʔDÉC̠Ъ	adheṣ	223	王
	ʔDÉC̠Ъ	adheṣ	552	アデーシュ
	ʔDÉC̠ЪC̠Í̠J͈	adheṣṣíya	729	王を弾劾する裁判
	ʔGÒT̠	aghauṭa	55	本、図書
	ʔGÒT̠W͈ÈMЪ	aghauṭawaim	299	（人名）
	ʔÈBÒS	aibhausa	545	具格
	ʔMIL	amila	61	魚
	ʔMILB͉ÓMÁNUQʔ	amilahomá nutta	258	魚醤
	:ʔ〚TЪM〛ÁNЪ	ammán	478	形態素
疑義	ʔQMÚLЪ	ammúḷ	386	降りる
	ʔMÁM	amáma	60	大きい
	ʔMÁMM͈ÓHÚ	amáma bohú	345	「大移住」
	ʔMÚLЪ	amúḷ	226	〜(対格)に（比喩的な意味で）勝る
	ʔMÁLЪ	amáḷ	226.1	勝る《受動不定詞》
	ʔMЪ	am	226.2	勝る《命令形》
	ʔQMZЪ	ammaz	226.3	勝る《名詞化第一》
	ʔMMÚ	amamú	226.4	勝る《二人称終止詞》
	ʔMNÍ	amaní	226.5	勝る《二人称受動終止詞》
	ʔMM͈ÓHÚLЪ	amabohúḷ	226.6	勝る《-boh-不定詞》
	ʔMLÓ	amaḷo	226.7	勝る《一人称受動不定詞》
	ʔMÍC̠Ъ	amíṣ	226.8	勝る《名詞化第三》
	ʔSÍJʔÚLЪ	asíjaúḷ	473	〜(対格)へ石を投げる
	ʔQTUJÚLЪ	attujúḷ	820	真っ直ぐである
	ʔQTUQJIMЪ	attúghim	821	（人名）
	ʔÒMKÁTÁRÓD͈Ъ	aumakátá rod	378	ハラント
	ʔÒMÚLЪ	aumúḷ	377	傾いている
曲用 :ʔÒQP͈ÁG͈I	:ʔÒQP͈ÁG͈Ъ	auphphág	678	マスク
曲用 :ʔZÚG͈I	:ʔZÚG͈Ъ	azúg	676	謀略
	ʔD̠Uʔ͈WÁC̠I̠NЪ	aḍuhaháṣin	818	審美眼に乏しいような
	ʔD̠Uʔ͈Í͉D͈ÚLЪ	aḍuhaidúḷ	645	～(ghi)を覗く
	ʔD̠Uʔ͈ZÓʔÚLЪ	aḍuhazoúḷ	54	〜(対格)を見る
	ʔD̠Uʔ͈ZÓʔÚLЪ	aḍuhazoúḷ	504	〜(ghi)へ直線的に向かう
	ʔD̠Uʔ͈ZÁʔÚLЪ	aḍuhazáúḷ	339	〜(対格)を〜(具格)(人)に見させる
	ʔD̠Uʔ͉WÁC̠I̠NЪ	aḍuháṣin	819	審美眼に乏しいような
	ʔD̠Í̠	aḍí	353	えーっと
	ʔT̠MЪ	aṭam	63	神
	ʔT̠MЪKÁL͉ЪD͈Ъ	aṭam_kád	315	神の光
	ʔT̠Z	aṭaza	64	主義
	M͈CUJЪ	bacú	468	液体の植物油
	:B͈〚NЪM〛ICЪ	bammic	629	バンミス
	M͈QNÚLЪ	bannúḷ	688	高い
	M͈NÁMNЪ	banáman	65	親
	M͈ÒQKÁ	baukká	67	だんだん
	BU͉JЪ	bhai	312	（直前に数詞・直後に属格語尾を取って）〜番目の
	BJÚLЪ	bhajúḷ	222	心ひかれている
	BQTÁ	bhattá	634	味
	BQTÁʔÁLЪ	bhattááḷ	635	～(主格)は味を感じる
	BÒD͈	bhauda	838	尻
	:VÉ̞L̞ЪKЪ	bhauk	746	(～という)名
	BÁʔ͉Ó͉MЪ	bhaum	628	私たちの(除外)
	:VL̞ЪV̟	bhauya	797	～の間に
	BU͉QŊÓʔÚLЪ	bhaṇṇoúḷ	824	腐る
	BC̠Ъ	bhaṣ	388	ちなみに〜
	BÉGQHÁ	bheghahhá	679	疲れ切ったときに空元気を出すときの擬声語
	BÉGQHÁʔÓKJÚLЪ	bheghahhá_okajúḷ	812	疲労をアピールする
	BÓD͈KÍ	bhodakí	642	船乗り
	BÓD͈KÍʔD	bhodakíadha	856	空模様から天気（特に波高）を予測する技量
	BÓD͈I	bhodi	526	海
	BÓD͈IBQTÁ	bhodibhattá	636	海の味（魚系統の調味料と塩をまとめて指す）
	BÓD͈IBÚ͉R	bhodibhára	527	潮風
	BÓD͈IG͉ÍW̟Ó	bhodíyo	548	海塩
	BÓG͈Ъ	bhog	225	色
	BÓGÁNЪRÉKЪ	bhogán rek	809	顔料
	BÓHÉʔÁLЪ	bhoheáḷ	487	法により制限されている
	BÓHÉʔÁLЪ	bhoheáḷ	489	bhoheúḷの受動形
	BÓHÉʔÚLЪ	bhoheúḷ	336	〜(対格)(二つ以上のもの)を交換する
	BÓM	bhoma	76	手
	BÓMNЪ	bhoman	550	（人名）
	BÓMRIJЪZЪ	bhomarijz	861	得たいという欲望
	BÓMÚLЪ	bhomúḷ	77	〜(対格)を取る
	BÓʔÚLЪ	bhoúḷ	316	〜(hína)は〜(主格)で溢れている
	BÓL	bhoḷa	863	羊
	BÓLÚ̞G͈Ъ	bhoḷog	488	法
	BÓLÚ̞⧚RЪC̠⧛ÍJ͈	bhoḷoríya	686	法的判断
	BÓLÚ̞RÚLЪ	bhoḷorúḷ	486	法を定める
	BÓŊÒ	bhoṇau	168	小動物が地面に作る巣穴
	BÓC̠WÚLЪ	bhoṣahúḷ	227	起き上がる
	BÁ	bhá	68	私たち(除外)
	BÉ̞	bhá	169	全ての
	BÈ̞H	bháha	828	時代に取り残された者
	BÉ̞HÉP	bháhepa	277	(属格で)国際的な
	BÉ̞HÉP	bháhepa	278	国際的に
	BÈ̞HÉʔÚLЪ	bháheúḷ	210	遅刻である
	BU͉QJM͈ÁNI	bhájabáni	251	数字
	BU͉QJM͈ÁNIDÉLÁNÁHÚLЪ	bhájabánidhelá náhúḷ	727	～(ghi)の近似精度を向上する
	BÉ̞KÁŊ	bhákáṇa	309	(属格で)常なる
	BÉ̞KÁŊ	bhákáṇa	310	常に
	BÁM	bháma	69	私たち(包括)
	BÁMʔ͉Ó͉MЪ	bhámaum	627	私たちの(包括)
	BÁMÁKZЪ	bhámákaz	701	あらゆるものへの我慢
	BÈ̞NЪ	bhán	70	～を通って
	:VÈ̞ND͈ITЪ	bhánadit	728	いじめっ子
	BÈ̞NIQMÚLЪ	bhánimmúḷ	660	秋である
	BÈ̞PRÓHÚLЪ	bháparohúḷ	798	～(主格)は～(具格)(特性)を共有している
	BÈ̞PÚLЪ	bhápúḷ	150	〜(hína)である
	BÚ͉R	bhára	71	風
	BÉ̞R	bhára	869	粥
	BÚ͉RÓ	bháro	72	感染症
	BÚ͉RÚLЪ	bhárúḷ	73	風が吹く
	BÉ̞TЪ	bhát	74	バート人
	BÉ̞〚TЪN〛ÍMC̠Ъ	bhátnímaṣ	554	バート民族
	BÉ̞〚TЪN〛ÍMC̠Ъ	bhátnímaṣ	555	バートニーマシュ
	BÉ̞TÁNЪRÁSITЪ	bhátán rásit	296	「バートらしさ」
	BÉ̞TÁNЪZÉP͈	bhátán zepha	320	バート語
	BÉ̞TÚLЪ	bhátúḷ	75	〜(ghi)に対して〜(対格)を話す・喋る
	BÁZWÚLЪ	bházahúḷ	174	白い
	BÁZWЪ	bházau	364	(属格で)白い
	BÁZWЪKÁZLÉKЪ	bházau_kázalek	655	精液の婉曲表現
	BÁŊÍ̠	bháṇí	721	愚かさ
	BÁŊÚLЪ	bháṇúḷ	224	愚かである
	BÁC̠Ъ	bháṣ	387	ちなみに〜
	BÉ̞T̠ÁMÚLЪ	bháṭámúḷ	182	珍しい
	:M͈ITÁNMI	bitánami	692	十四
	M͈ÓHCJÚLЪ	bohacajúḷ	647	～(ghi)へ近づく
	M͈ÓHMÁTUJÚLЪ	bohamátujúḷ	601	飛んでいく
	M͈ÓHÚLЪ	bohúḷ	78	〜(ghi)へ行く
	M͈ÓMЪ	bom	369	不可能副詞
	M͈ÓRÍC̠Ъ	boríṣ	836	来歴
	M͈ÓRÚLЪ	borúḷ	835	〜(oṣa)に由来する
	M͈ÓLÓRÚLЪ	boḷorúḷ	756	甘い
	M͈ÓƝÚLЪ	boṇúḷ	580	〜(対格)を舐める
	M͈ÁCUJÚLЪ	bácujúḷ	469	〜(対格)に油を注ぐ
	M͈Ú͉D	bádha	739	家
	M͈ÁG	bágha	250	数
	M͈ÁGD̠I̠BÈ̞NЪC̠Í̠J͈	bághaḍi bhán ṣíya	687	定量的評価
	M͈ÁKTÚ	bákatú	371	勇敢な者
	M͈ÁKTÚNÁMÉ	bákatúnáme	813	勇敢な者どもが打ち開いた
	M͈ÁKTÚLЪ	bákatúḷ	372	勇ましい
	M͈ÁKZЪ	bákaz	271	我慢
	M͈ÁKÚLЪ	bákúḷ	247	〜(対格)を我慢できている
	M͈ÁNI	báni	66	文字
	M͈ÁNIMЪ	bánim	300	（人名）
	M͈ÁNIW͈ÈMЪ	bániwaim	507	（人名）
	M͈ÁNIC̠ÓMЪ	bániṣom	284	字積
	M͈ÁTTЪ	bátat	380	外
	M͈ÁT〚TЪƝ〛ÒT̠U	bátatṇauṭu	382	借用語
	M͈ÁTUJÚLЪ	bátujúḷ	600	飛ぶ
	M͈Ú͉ŊMЪ	báṇam	740	どこかしら辺鄙な場所で
	M͈É̞C̠I̠	báṣi	232	すっかり
	CWÚLЪ	cahúḷ	323	〜(対格)をつかまえる
	CWЪZÉMЪ	cauzem	323.3	〜(対格)をつかまえる《命令形》
	CHÚLЪ	cahúḷ	323.5	〜(対格)をせきとめる
	CH͈ЪZÉMЪ	cauzem	323.7	〜(対格)をせきとめる《命令形》
	CJЪ	cai	217	〜(具格)の近く
	:CÈNÍJU	cainíju	211	チョッキ
	:CJЪXITЪ	cajxit	509	革命
	:CJЪXITƝ̟ÒNIJSUK	cajxitanaunijasuka	511	フェンテショレー
	CJÚLЪ	cajúḷ	152	〜(hína)に似ている・まるで〜(hína)のようである
	CTÍG͈Ъ	catíg	602	蚊や虻など刺したりしてくる虫全般
	CWЪ	cau-	328	cahúḷの強語幹
	CZÚLЪ	cazúḷ	497	深くする
	CÉJÁʔÚLЪ	cejáúḷ	675	待っている
	:CÉK͈È	cekhai	463	セットカイク
	CÉPTÉP	cepatepa	82	会話
	CÉR͈KÍ	ceṣakí	697	犬男
	CÉR͈Ó	ceṣlo	308	犬
	CÓB̠I	codhi	681	声
	CÓB̠IDÉLЪCÁKÍKʔÚLЪ	codhidhel cákíkaúḷ	844	物議を醸す
	CÓB̠ÁʔÚLЪ	codháúḷ	702	声を上げる
	CÓGNI	coghani	572	いつか
	CÓGT̠U	coghaṭu	573	いつでも
	CÓGI	coghi	571	いつ
	CÓGÓMЪ	coghom	567	いつの
	CÓʔ͉Ó͉MЪ	com	566	どの
	CÓ⧚MЪC⧛JÚLЪ	corajúḷ	578	どのようである
	CÓD̠U	coḍu	570	どれでも
	CÓ[MЪK]NG͉Ъ	coṇaná	562	どれか
	CÓƝU	coṇu	770	シャモット（焼いた粘土の粉）
	CÓ[MЪK]G͉Ъ	coṇá	561	どれ
	CUNЪ	cun	705	〜といえども
	CÁJÒ	cájau	79	～と共に
	CÁKÍKʔÚLЪ	cákíkaúḷ	80	〜(対格)を訪れさせる
	CÁKÍKÁT	cákíkáta	215	幸運
	CÁKÍKÁTD̠I̠CÁJÒ	cákíkátaḍi cájau	498	幸運にも
	CÁKÍKÚLЪ	cákíkúḷ	81	〜(oṣa)から来る
	CÁNJÚLЪ	cánajúḷ	155	〜(対格)に気づく
	CÁTGI	cátaghi	603	蚊や虻など刺したりしてくる虫全般
	CQW͈T̠ÈMЪ	cáwaṭaim	557	（人名）
	D͈NÚLЪ	danúḷ	274	〜(不定詞)してもよい
	D͈TЪ	dat	253	〜だけ
	D͈ÒP͈	daupha	213	限界
	D͈ÒP͈SÁK	dauphasáka	854	(分詞+dauphasákabhau bohúḷで)可能な限り〜をする
	D͈ÉJ	deja	180	なんとまあ
	DÈZЪ	dhaiz	834	長さ
	DM	dhama	693	見たところ
	DÒN	dhauna	666	虎
	DÉD͈IGTЪ	dhedighat	517	テティェン（鳥名）の子供
	DÉSÉNЪ	dhesen	864	（人名）
	DÉSÉʔÚLЪ	dheseúḷ	233	〜(対格)を聞いている
	DÉTЪ	dhet	516	テティェン（鳥名）
	DÉZЪ	dhez	479	一息つくこと
	DÉZÁNЪʔÉ	dhezán e	839	ピッチが高くなり息抜きが発生するたびに軸を切る流儀
	DÉZÁʔÚLЪ	dhezáúḷ	234	〜(対格)を見つけて抜き取る
	:DÉC̠I̠NЪ	dheṣin	872	（暦の）〜月
	DÓKITЪ	dhokit	589	果実
	DÓKITÚLЪ	dhokitúḷ	699	果実が実る
	DÓZÓCÚLЪ	dhozocúḷ	658	驚く
	DÓLÓPЪ	dhoḷop	85	島
	DÓLÓPÁNÁDÁRD͈Ъ	dhoḷopáná dhárad	374	東諸島共和国連合
	DÁKЪ	dhák	772	素早く
	DÒ̞NЪ	dhán	665	ダーン湖（グォン・アルト藩国にある湖の一つ）
	DÁNЪ	dhán	816	～だというのにもかかわらず
	DÁRD͈Ъ	dhárad	84	連合
	DÁRD͈Í͉D͈ÚLЪ	dháradaidúḷ	749	〜(ghi)に押しかける
	DÁRD͈ÚLЪ	dháradúḷ	443	（一つの場所に）集まる
	DÁZÚLЪ	dházúḷ	207	楽しい
	DÁLÓMЪ	dháḷom	690	広場
	DÍMTЪ	dhímat	640	針
	DÍNÁ	dhíná	546	後置格
	DÍPЪ	dhíp	183	鎖
	DÍC̠Ъ	dhíṣ	837	爪
	D͈ÓGJÚLЪ	doghajúḷ	588	～(対格)を濾す
	D͈ÓM	doma	559	誰
	D͈ÓMN	domana	560	誰か
	D͈ÓMT̠U	domaṭu	569	誰でも
	D͈ÁCÚLЪ	dácúḷ	459	〜(対格)に後続している
	D͈ÁKÍNÚLЪ	dákínúḷ	303	〜(対格)を〜(ghi)に与える・あげる・渡す
	D͈ÁPЪ	dáp	637	唇
	D͈ÁC̠Ъ	dáṣ	465	〜(具格)の後ろ
	D͈Í	dí	156	それ
	D͈ÍʔM͈ÁNI	díabáni	747	引用符
	D͈ÍʔʔÚLЪ	díaúḷ	745	～(対格)を引用する
	D͈ÍGI	díghi	515	テニェーク（鳥名）
	D͈ÍLЪ	díl	744	串
	D͈ÍLITMЪ	dílitam	500	（人名）
	D͈ÍM	díma	228	(第三形式名詞)
	D͈ÍN	dína	205	自身
	D͈ÍNʔ͉Ó͉MЪ	dínaum	801	dína 属格縮約形
	D͈Í⧘C̠ЪW⧙Ó	díṣlo	176	花
	ʔÉʔ	ea	352	えーっと
	ʔÉBÒD͈	ebhauda	867	nautuhomá e の末尾部分
	ʔÉCÓB̠I	ecodhi	680	母音
	ʔÉW̟I	eghi	385	石
	ʔÉW̟INЪ	eghin	694	（人名）
	ʔÉHÈ	ehai	314	王冠
	ʔÉHÈB͉ÓMÁKÁL͉ЪD͈Ъ	ehaihomá kád	317	冠の光
	ʔÉKЪ	ek	86	〜らしい
	ʔÉKÁW̟I	ekághi	788	nautuhomá e の先頭部分
	:ʔÉLMÉ	elame	780	軍人
	:ʔÉLMÉNIʔÁCЪ	elameniác	358	労働者
	ʔÉLÉS	elesa	544	対格
	ʔÉM	ema	87	（稀）～ように
	H̟ÉP	epa	88	土地
	H̟ÉPHÍJ	epa_híja	615	文化
	H̟ÉPMЪ	epam	347	（人名）
	ʔÉP͈ʔÚLЪ	ephaúḷ	499	落ちる
	ʔÉSÚK	esúka	800	中心人物
	ʔÉW̟ÁʔÚLЪ	eyáúḷ	474	〜(対格)を率いている
	G͈N̠ЪN̠Í̠	gaṇṇí	512	えーっと
	GQCÚLЪ	ghaccúḷ	547	〜(対格/hína)を理解する
	GÒ	ghau	281	刀
	GÒJGÁ	ghau ja ghá	283	武器
	:GVЪC̠Ъ	ghauṣ	595	名詞
	GI	ghi	90	～へ
	:L̟IBÁT̠ÚLЪ	ghibháṭúḷ	785	後悔する
	GID͈ÍNЪ	ghidín	606	～への
	:ʔIKÍS	ghikísa	461	木の小片
	:ʔIQTÓ	ghitto	346	jekto姓
	GUQTÁMЪ	ghuttám	667	焼き物の壺
	GUŊÁSÚK	ghuṇásúka	846	付き人
	GUŊÚLЪ	ghuṇúḷ	842	〜(対格)を〜(hína/ghi)に置く
	GU〚ŊЪƝ〛ÉGʔÚLЪ	ghuṇṇeghaúḷ	843	〜(対格)を繋げる
	GÁ	ghá	282	弓
	GÁ[NЪB]ÓGÚLЪ	ghámoghúḷ	767	赤い
	GÁNЪ	ghán	766	赤
	GÁNʔÚLЪ	ghánaúḷ	290	〜(対格)を加熱する・温める・暖める・加温する・熱くする・暑がらせる
	GÁNI	gháni	173	火
	GÁNÚLЪ	ghánúḷ	214	暑い
	GÁTU	ghátu	89	子供
	:GÁW͈NÚNÍMC̠Ъ	gháwanúnímaṣ	556	ドゥバーギョ民族
	GÈ̞W̟ÓʔÚLЪ	gháyoúḷ	344	鋳造する
	GÍM	ghíma	768	筒状の笛
	GÍW̟Ó	ghíyo	235	塩
	:G͈ÁPD͈ÉNЪ	gápaden	622	フォント
	H	ha	91	～しよう
	:HÉLZÁ	helazá	583	波
	HÉMЪ	hem	93	完了の無変化動詞
	HÉMSÁ	hemasá	483	hemと-sáの連語。
	HÉMSÁƝÒT̠U	hemasáṇauṭu	594	状態動詞
	HÉMIJÚ̞J͈U͉	hemijoya	481	hemとjoyaの連語
	HÉ〚MЪM〛ÁNЪ	hemmán	805	〜でありやがるような
	HÉMÚLЪ	hemúḷ	94	ある
	HÍ̞J͈ÁZЪ	heyáz	239	思考
	HÍ̞J͈ÁʔÚLЪ	heyáúḷ	95	〜(ema)を思う・〜(ema)について考える
	WÓ	ho	229	第二形式名詞
	HÓ	ho	841	呼びかけ助辞
	WÓDI	hodhi	696	油（比喩的にのみ用いる）
	HÓRB͈ÁTЪ	horabát	97	文化
	HÓRNÁHÚLЪ	horanáhúḷ	771	〜(対格)を〜(ghi)に書き加える
	HÓRÚLЪ	horúḷ	98	〜(対格)を書く
	HUT̠ÉʔÚLЪ	huṭeúḷ	154	〜(動詞不定詞)が始まる
	HÁ	há	92	あー！えー
	HÈJU	háju	725	闇
	HÁMÍ	hámí	722	美しさ
	HÁMÚLЪ	hámúḷ	683	美しい
	HÁT	háta	186	布
	HÁTR͈ÓMЪ	hátaṣom	187	ポケット
	WÁC̠I̠NЪ	háṣin	662	～なき～
	HÍJ	híja	188	心
	HÍJGÈ̞W̟ÓʔÚLЪ	híjagháyoúḷ	762	～(対格)に心を注ぎ込む
	HÍJÍ͉D͈ÚLЪ	híjaidúḷ	755	～(ghi)(趣味や芸術など)に入れ込む
	HÍJRÉCÚLЪ	híjarecúḷ	830	秘めていた心のうちをさらけ出す
	HÍN	hína	96	～に
	HÍNÈ	hínai	849	～にある～
	HÍNÁZQW͈ÁNЪ	hínázáwán	613	～で起きた
	J	ja	178	そして
	J	ja	706	〜といえども
	JG	jagha	718	確実に～だろう
	J〚NЪM〛ÓHÚLЪ	jammohúḷ	585	〜(主格)(人)が〜(oṣa)から〜(ghi)へ物理的に外出する
	J[NЪM]ÓHÚLЪ	jamohúḷ	584	出る
	JNÁʔÚLЪ	janáúḷ	191	〜(oṣa)を材料として〜(対格)を作る
	JNÚLЪ	janúḷ	192	生じる
	JRÚC̠I̠	jarúṣi	212	そしてその後
	JÒP͈	jaupha	808	留め針
	JÓ	jo	99	または
	:JÚ̞B̠ITЪ	jodhit	793	〜(具格)の 4 分の 1
	JÓG͈Ъ	jog	523	（勘違いによる）誤情報
	JÓGÉLÉCHÚLЪ	jogele cahúḷ	848	口にする前に自身の主張に含まれる誤りに気づく
	:JÓKЪ	jok	558	viokk姓
	JÓMÚLЪ	jomúḷ	663	拾う
	JÓRʔÚLЪ	joraúḷ	524	～(対格)にヤスリがけをする
	:JÓVЪRÓLÓ	joroḷo	874	ヨヴローロ（魚名）
	JÓSÉD͈ÚLЪ	josedúḷ	656	沈む
	JÚ̞J͈U͉	joya	480	もし〜(前文)なら〜(後文)
	JÚ̞ƝU	joṇu	733	政府
	:JUʔÉCЪLÉʔÓNÉ	juecleone	100	ユエスレオネ
	JG͉Ъ	já	717	確実に～だろう
	JÁMЪ	jám	319	(肯否疑問文の明示)
	GIʔ͉ÁNЪ	ján	605	～への
	:JÁPÁʔÉʔÓ	jápáeo	494	日本
	:JÚG͈Ъ	júg	677	ユーゲ人
	:JÚG͈ÓKЪ	júgok	248	ユーゴック
	:JÚF͈ÉJ	júpheja	475	ユフィア
	KЪ	k	216	(第一形式名詞)
	:KCÚLЪ	kacúḷ	795	復讐する、仇討ちする、報復する
	:KÈKÚLЪ	kaikúḷ	493	〜(対格)と戦う
	KR͈Ó	kaṣlo	107	三人称女性複数
	KT̠ÁD	kaṭádha	641	船
	:K͈ÈK͈ЪK͈ÈKЪ	khaikhkhaik	731	「良い戦いを」
	K͈KЪ	khak	108	父
	K͈KЪK͈KЪ	khak khak	447	咳の擬音
	K͈N̠ЪD̠Í̠	khaṇḍí	514	えーっと
	K͈N̠ЪN̠Í̠	khaṇṇí	513	えーっと
	KЪHÉMЪ	khem	350	～(主格)は～(属格・連体詞)のものである
	:K͈ÁC̠Í̠	kháṣí	712	辣パン
	:K͈ÚW͈DÉC̠Ъ	khúwadheṣ	862	クワ王
	KITЪ	kit	206	とても
	KIR͈Ó	kiṣlo	110	三人称男性複数
	KÓ	ko	111	これ
	KÓLI	koli	112	疲れ
	KÓʔ͉Ó͉MЪ	kom	153	この
	KÓMÁNЪ	komán	804	こんな
	KÓ⧚MЪC⧛JÚLЪ	korajúḷ	648	このようである
	KÓRÚC̠MЪ	korúṣam	502	（人名）
	KÓLÚ̞RÚLЪ	koḷorúḷ	455	長年の使用により材料が劣化している
	KÓN̠Ò	koṇau	833	橋
	KÓC̠Ъ	koṣ	857	人間の足
	KÓT̠Ъ	koṭ	204	草
	KÓT̠BÉ̞R	koṭabhára	870	雑草やその種などを使った救荒食としての粥
	KÓT̠ÈMЪ	koṭaim	786	（人名）
	KÓT̠ÁNÁH̟ÉP	koṭáná epa	261	草地
	KÓT̠ÁNÁC̠ÓJ͈	koṭáná ṣoya	263	垣根
	KUJCUJЪ	kujacú	366	(属格で)黄色い
	:KUW͈Á	kuwá	779	(セットカイクの)筆駒
	KUŊQNÚLЪ	kuṇannúḷ	670	削る
	KÁ	ká	101	三人称女性単数
	KG͉Ъ	ká	292	kの複数形
	KÁL͉ЪD͈Ъ	kád	103	光
	KÁL͉ЪD͈KÁNG͉Ъ	kádakáná	359	火花
	KÁL͉ЪD͈NЪ	kádan	301	（人名）
	KÁL͉ЪD͈ʔÚLЪ	kádaúḷ	280	〜(対格)を見せる
	KÁL͉ЪD͈ÚLЪ	kádúḷ	102	光る
	KÁW̟I	kághi	758	口
	KÁW̟INÁMÚLЪ	kághinámúḷ	759	話し始める
	KÁNGÚLЪ	kánaghúḷ	220	跳ねる
	KÁNTÚLЪ	kánatúḷ	172	走る
	KÁNÁ	káná	324	kの複数属格
	KÁNG͉Ъ	káná	325	kánaghúḷの命令形
	KÁNÁKG͉Ъ	káná ká	293	káという発話のうちkの複数形を意味していることを明示する表現
	KÁʔÓMЪKÁ	káom ká	294	káという発話のうち三人称女性単数を意味していることを明示する表現
	KÁZLÉKЪ	kázalek	619	泥
	KÁŊ	káṇa	104	時間
	KÁŊBÓD͈I	káṇabhodi	657	忘却の彼方
	KÁŊB͉ÓMÁʔMIL	káṇahomá amila	266	エイプリルフール
	KÁ[ŊЪK]ÈS	káṇaisa	231	折よく
	KÁŊʔ͉ÁMЪ	káṇám	105	永遠に
	KÁŊʔ͉ÁMЪ	káṇám	106	永遠
	KÍ	kí	109	三人称男性単数
	KÍGI	kíghi	704	kíḍi ghi の縮約
	KÍSMÚLЪ	kísamúḷ	760	～(主格)は～(対格)を伸ばす
	:KÍTÈTÚW͈	kítaitúwa	633	（都市名）
	KUJЪCUJÚLЪ	kúcujúḷ	368	黄色い
	KUJЪCUJЪ	kúcú	367	(属格で)黄色い
	:LÈHÒ	laihau	847	空気
	LU͉QMÍ	lammí	791	〜(具格)の 3 分の 1
	LÉG	legha	114	絵
	LÉGÚLЪ	leghúḷ	115	絵を描く
	:LÉXÉLЪ	lexeḷ	333	レシェール
	LIQMÓ	limmo	659	塵
	:LINÉPÁJЪNÉ	linepáne	464	リパライン語
	:LINÉPÁJЪNÉƝÒT̠U	linepáneṇauṭu	653	リパライン語の単語
	:LIPKÓʔÚLЪ	lipakoúḷ	268	〜(対格)をリパコールする
	:LIPKÓLЪ	lipakoḷ	267	リパコール
	:LIPÁXÉ	lipáxe	719	リパーシェ（リパライン語を表記するのに用いられる文字）
	LÚ̞MЪ	lom	245	三
	:LÓPUD͈Ъ	lopud	815	家具
	LÁB	lábha	587	もしもし？
	LÁNWÚLЪ	lánahúḷ	218	〜(対格)を追う
	LÁSI	lási	113	一
	LÁSIJÚLЪ	lásijúḷ	462	統一する
	LÁSINЪ	lásin	822	（人名）
	:LÁW͈	láwa	708	年齢
	LÁT̠Ъ	láṭ	875	（落葉樹の名）
	:LÍBT̠Ъ	líbhaṭ	784	後悔
	LÍŊ	líṇa-	384	ラネーメ・燐帝字母などを表す右接被覆形
	LÍŊM͈ÁNI	líṇabáni	313	燐字
	LÍŊƝÒT̠U	líṇaṇauṭu	383	ラネーメ系の単語
	:MKTI	makati	376	アイル共和国首都
	MNÁMNЪ	manáman	117	親
	:MSÁTU	masátu	522	（騙す意図のある）嘘
	:MÓLЪ	moḷ	850	～にある～
	MÁB	mábha	116	二人称複数
	NÈ	nai	868	（名詞の後ろに置いて）他ならぬ
	NÒ	nau	360	(属格で修飾し)～のすべて
	NÒKI	nauki	549	塩および穀物の入る木箱
	Ɲ̟ÒNÉP͈ʔÚLЪ	naunephaúḷ	644	勢いよく落ちる
	Ɲ̟ÒNIJÚLЪ	naunijúḷ	510	反撃する
	Ɲ̟Ò[NЪD]ILÚ̞RÚLЪ	naunilorúḷ	495	〜(対格)を刺す
	NÒNÁHZЪ	naunáhaz	832	総和
	Ɲ̟ÒTU	nautu	272	単語
	Ɲ̟ÒTUB͉ÓMÁʔÉ	nautuhomá e	311	シローレーカー
	:NÒZÉMЪ	nauzem	700	やめてくれ
	Ɲ̟Ò[NЪK]GÚLЪ	nauṇaghúḷ	492	争う
	Ɲ̟Ò[NЪJ]MÚLЪ	nauṇamúḷ	794	（食べ物や飲み物などを）過剰に摂取する
	Ɲ̟ÒT̠U	nauṭu	351	nautuの方言形
	:NÉSÉ	nese	814	家具
	NI〚NЪƝ〛ÓPЪ	niṇṇop	782	製紙職人
	NÓNЪ	non	288	劣悪なもの
	NÓNÚLЪ	nonúḷ	287	〜(主格)は（質などが）劣悪である
	NÓTЪ	not	565	なんの
	NÓT	nota	577	いくつ
	NÓTT̠U	notaṭu	752	いくつも
	NÚ̞C̠Ъ	noṣ	790	〜(具格)の半分
	NUDÓRÚLЪ	nudhorúḷ	457	遊ぶ
	:NUMÍJU	numíju	175	ピンク
	NUQʔ	nutta	122	液体
	NÁD͈ÍTÍ	nádítí	720	眠気
	NÁD͈ÍTÚLЪ	nádítúḷ	197	眠い
	NÁGU	nághu	669	9
	NÁHZЪ	náhaz	355	足し算
	NÁHÉP	náhepa	563	どこ
	NÁHÉP	náhepa	574	どこ
	NÁHÉPNI	náhepani	564	どこか
	NÁHÉPNI	náhepani	576	どこか
	NÁHÉPT̠U	náhepaṭu	575	どこでも
	NÁHÓZЪ	nához	356	名詞を格変化させること
	NÁHÓZÚLЪ	náhozúḷ	357	〜(対格)を〜(具格)の形に格変化させる
	NÁHÚLЪ	náhúḷ	354	〜(対格)を〜(ghi)に付け加える
	NÈW̟U	náju	748	酒
	NÁMÚLЪ	námúḷ	244	〜(対格)を開く
	NÁN	nána	118	何
	NÁN	nána	119	関係代名詞
	NÁNT̠U	nánaṭu	568	なんでも
	NÁL	náḷa	518	ナルヴァ（鳥名）
	NÁLW͈ÈMЪ	náḷawaim	519	（人名）
	NÍG͈Ъ	níg	763	（稀）鉱物粉を選り分けるために溝を掘った樋
	NÍGÁNЪKÁŊBÒ	nígán káṇabhau	873	時間という選別者により
	NÍMC̠Ъ	nímaṣ	120	民族
	NÍMC̠ÁNÁ:TKU	nímaṣáná taku	264	連邦
	NÍNЪ	nín	331	紙
	NÍNQCÚL̞Ъ	nínaccú	121	貝葉
	NÚ	nú-	472	núḷの強語幹
	NÚʔJÓRʔÚLЪ	núajoraúḷ	761	～(対格)を洗って研ぐ
	NÚD	núdha	456	遊び
	NÚDBÓLÚ̞G͈Ъ	núdhabhoḷog	597	（ゲームの）ルール
	NÚDM͈ÁG	núdhabágha	460	（遊戯の）点数
	NÚDHÁT	núdhaháta	777	(特に布製の)ゲームボード
	:NÚMM	númama	632	（都市名）
	NUJЪSU	núsu	476	軍
	NÚLЪ	núḷ	471	〜(対格)を洗う
	NÚʔDÍ	núadhí	471.5	〜(対格)を洗う《一人称終止詞》
	:Ɲ̟ÚN̠ÁNЪ	núṇán	853	安全な
	ʔÓW̟I	oghi	852	骨
	ʔÓHI	ohi	249	友
	ʔÓHIGTЪ	ohighat	765	友人の子供
	ʔÓHIGI	ohighi	714	ohiḍi ghi の縮約
	ʔÓKJÚLЪ	okajúḷ	723	～(対格)を撒く
	ʔÓKÁKÚLЪ	okákúḷ	237	〜(対格)を見ている
	ʔÓSKÁNЪ	osakán	608	～からの
	ʔÓTÚLЪ	otúḷ	335	〜(対格)を〜(具格)で置き換える
	ʔÓC̠	oṣa	151	〜から
	ʔÓC̠ÁNЪ	oṣán	607	～からの
	:FÈCNUQTÉ	paicanutte	724	麺
	:FL̞ЪTW͈É̞L̞ЪT	pautawauta	485	能力レベル
	:FÉD͈Iʔ	pedia	123	フェディア
	:PÉMÉCÉFÉ	pemecepe	375	東諸島共和国連合
	:F͈ÈCЪNIXTÉ	phaicnixate	638	麺
	:P͈ÈG͈	phaiga	341	(属格で)パイグの
	:P͈ÈG͈B͉ÓMÁZÉP͈	phaigahomá zepha	342	パイグ語
	P͈É	phe	624	はぁ？
	:P͈ÉCÚ	phecú	579	ラ・ペーターラージテン・スーイバイモーベーン
	:P͈ÉCÚF͈ÈCЪNIXTÉ	phecúphaicnixate	639	ペースー麺
	:F͈ÉG͈ÁNЪ	phegán	799	顔立ちのよい
	:F͈ÉQTUJ͈Ъ	phettuj	811	フェーッテュイ（小麦粉に砂糖や果物のジュースを加えて発酵させずに焼いたクラッカー状のものにどんぐりの餡を塗った物）
	:P͈ÒW͈	pháwa	591	しかし
	:F͈ÍLÉXЪ	phílex	806	了解した
	:F͈ÍLÉXЪC̠ÁG͈Ъ	phíleṣṣág	860	イエスマン
	:F͈ÚPÉNЪ	phúpen	171	兎
	:PÒW͈	páwa	590	しかし
	R	ra	859	（直前の語に疑義があるときにつける）
	RBÁT̠ÚLЪ	rabháṭúḷ	674	砕く
	RCG͉Ъ	racá	845	櫛
	RQKIG	rakkigha	871	ただ漫然と無為に生きているだけで何も生産的なことを行っていない輩
	RQKÚLЪ	rakkúḷ	124	生きている
	RÒKI	rauki	252	胸
	RÉCÚLЪ	recúḷ	184	〜(対格)を〜(oṣa)という包装・箱などの中から取り出す
	RÉKЪ	rek	618	土
	RÉKSÚKЪ	rekasúk	620	泥人形
	RÉKÁNЪBQTÁ	rekán bhattá	713	野菜や肉など特に保存がきかない陸のものの味
	RIJЪZЪ	rijz	241	願い事
	RIJÚLЪ	rijúḷ	238	〜(対格)を願う
	RÓD͈Ъ	rod	379	短いやつ
	RÓD͈HÉMSÁƝÒT̠U	rodahemasáṇauṭu	596	瞬間動詞
	RÓD͈ÚLЪ	rodúḷ	265	短い
	RÓHTMЪ	rohatam	732	（人名）
	RÓHÚLЪ	rohúḷ	598	平らである
	RÓŊÚLЪ	roṇúḷ	757	曇っている
	:RUTÓC̠Í̠	rutoṣí	711	渋パン
	RUC̠ЪC̠G͉Ъ	ruṣṣá	684	上下
	RÁBT̠Ъ	rábhaṭ	716	破片
	RÁSITЪ	rásit	295	香り
	RÁSITÚLЪ	rásitúḷ	236	香る
	RÍK	ríka	125	2, 二
	RÍKLU͉QMÍ	ríkaḷammí	792	〜(具格)の 3 分の 2
	RIJЪL	ríla-	467	rijaḷa-の縮約
	:RÍʔÓNЪ	ríon	631	対策
	RIJЪZЪ	ríz	240	希望
	RIJЪZNЪ	rízan	302	（人名）
	RÚKS	rúkasa	448	年老いた女性
	RÚKSMЪ	rúkasam	453	（人名）
	RÚS	rúsa	855	（落葉樹の名）
	RÚC̠Ъ	rúṣ	208	下
	RÚC̠ÁNЪKÁŊ	rúṣán káṇa	262	時間的な後
	SQKÁ	sakká	129	万歳
	SÉHÁZÚLЪ	seházúḷ	286	嬉しい
	:SÉSÉ	sese	203	いやだ
	:SÉSÉʔÚLЪ	seseúḷ	202	面倒だ
	SÉŊ	seṇa	181	突然
	SU	su	138	金銭
	SUZWЪ	su_zau-	334	suúḷの強語幹
	SUJÚLЪ	sujúḷ	139	〜(hína)のために〜(対格)を使う・利用する
	SUW͈ÚLЪ	suúḷ	140	商っている
	SUW͉ЪZÉMЪ	suzem	140.1	商っている《命令形》
	SUW͉D͈ÍN	sudína	140.2	商っている《一人称過去分詞》
	SUZWЪZЪ	su_zauz	140.3	商っている《名詞化第一》
	SULÓRÚLЪ	suḷorúḷ	490	〜(具格)の強い香りで〜(対格)の不快なにおいを隠す
	SÁ	sá	126	女性
	SÁK	sáka	128	道
	SÁKB͉ÓMÁD̠ÁZЪ	sákahomá ḍáz	259	路商
	SÁPBÉ̞TЪ	sápabhát	521	古バート語
	SÁPÚLЪ	sápúḷ	458	古い
	SÍ	sí	689	～だなぁ
	SÍB	síbha	130	出身
	SÍBDÓLÓPЪ	síbhadhoḷop	646	故郷の島
	SÍBMЪ	síbham	551	（人名）
	SÍMÓʔÚLЪ	símoúḷ	858	ケチである
	SÍTЪ	sít	363	粘土
	SÍW̟ÓʔÚLЪ	síyoúḷ	243	〜(不定詞)しすぎている
	SUJЪ	sú-	327	sujúḷの強語幹
	SÚL	súḷa	491	強い芳香を持つ草やその実
	TЪ	t	289	感嘆を表す
	:TKU	taku	141	流れ
	:TTÚ	tatú	827	約束
	:TЪCUW͈Ó	tcuwo	774	(ボードゲームの)駒
	:TÓJ͈TЪ	toyat	623	トイター教徒
	:TÁF͈ÍJ͈ÓTЪ	táphíyot	444	なんかちょっとかっこいい感じのケース
	:W͈É	we	829	だんだん
	:W͈ÉF͈ISÉ	wephise	297	ヴェフィス語
	H͈ÓGITЪ	woghit	143	兄弟
	H͈ÓGITÈMЪ	woghitaim	349	（人名）
	H͈ÓGITMЪ	woghitam	348	（人名）
	W͈É̞KWÚLЪ	wákahúḷ	230	〜(対格)（という平面）を横切って進む
	W͈Ú͉PÚLЪ	wápúḷ	807	～(主格)という油が酸化して悪臭を帯びている
	:W͈ÁTЪ	wát	321	ワート弁
	:W͈ÁTÁNЪZÉP͈	wátán zepha	322	ワート弁
	H͈ÁL	wáḷa	446	互いに互いを
	:W͈ÍCЪLTÍ	wíclatí	789	本物
	:XQLЪ	xall-	616	「～もどき」「擬～」「～に似て非なるもの」などを表す右接被覆形
	:XQLI	xalli-	604	「～もどき」「擬～」「～に似て非なるもの」などを表す右接被覆形
	:XQLÁB	xallábha	851	いがみ合いの演出
	:XQLÁNÓMЪ	xallánom	617	擬属格
	:XQLÁSÚK	xallásúka	736	人と見做すに値しない存在
	:XÉJU	xeju	144	シェユ
	:XÉTÁ	xetá	810	正義と判断を司る神族シェーター
	:XÁGÈK	xághaika	343	目立ちたがり屋
	:XÁGJÚLЪ	xághajúḷ	581	～(主格)は～(対格)という値段である
	:XÍJU	xíju	778	投げ棒
	:XÍJUM͈ÁG	xíjubágha	783	投げ棒を投げて出た数
	:XÍZÍʔ	xízía	279	こんにちは
	J͈ÁMЪ	yám	318	(肯否疑問文の明示)
	Z⧚WЪL⧛ÓʔÚLЪ	zalloúḷ	185	〜(不定詞)すべきである
	ZWЪ	zau-	326	zúḷの強語幹
	ZWЪSÁƝÒT̠U	zausáṇauṭu	593	動作動詞
	ZÉKÁT	zekáta	145	腰巻
	ZÉP͈	zepha	146	言語
	ZÉʔÚLЪ	zeúḷ	147	〜(対格)を巻く
	ZU	zu	170	再び
	ZUM͈ÓHÚLЪ	zu bohúḷ	649	〜(ghi)へ帰る
	ZUCÁKÍKÚLЪ	zu cákíkúḷ	650	〜(oṣa)から帰ってくる
	ZÁD͈ÉʔÚLЪ	zádeúḷ	285	〜(対格)を恐れている
	ZÁHÓNÁʔÈBÒS	záhoná aibhausa	682	使役具格
	ZÁKÁTÁZWЪSÁƝÒT̠U	zákátá zausáṇauṭu	831	使役動詞
	ZÁMÚLЪ	zámúḷ	307	優しい
疑義	ZÁNŊÚLЪ	zánaṇúḷ	751	～(主格)は～(対格)を～(hína)という場所に放置している
	:ZÁFIʔÓFÉCЪ	zápiopec	630	共和国
	ZWЪW͈ÈMЪ	záwaim	449	（人名）
	ZÁʔÚLЪ	záúḷ	337	〜(対格)を〜(具格)(行為者)にさせる・行なわせる・行わせる
	:ZÍ	zí	503	xízía.の省略
	ZÍGÍC̠Ъ	zíghíṣ	194	時計
	ZÍGÚLЪ	zíghúḷ	193	整然としている
	ZÍR͈Ó	zíṣlo	525	つる植物
	ZÍR͈ÓMЪ	zíṣom	764	（人名）
	ZÚLЪ	zúḷ	148	〜(対格)をする・行なう・行う
	ʔÁ	á	149	あー！
	ʔÁB	ábha	787	いさかい
	ʔÁCWÚLЪ	ácahúḷ	246	〜(主格)には〜(対格/不定詞+ema)ができる
	ʔÁCWЪ	ácau	246.1	できる《命令形》
	ʔÁCWM	ácahama	246.2	できる《非完了状況》
	ʔÁCWD͈ÍN	ácahadína	246.3	できる《一人称過去分詞》
	ʔÁDÍNЪ	ádhín	691	浜辺
	ʔÁDÍNЪ	ádhín	703	（人名）
	ʔÁGÈ	ághai	735	もし
	ʔÁGTЪ	ághat	651	香辛料
	ʔÁGTÁNЪM͈CUJЪ	ághatán bacú	734	辛味のついた液体油
	ʔÁGI	ághi	452	血
	ʔÁGIB͉ÓMÁRÍʔÓNЪ	ághihomá ríon	866	人が死んだことがきっかけで講じられた対策
	ʔÁGIMЪ	ághim	454	（人名）
	ʔÁKÍJMЪ	ákíjam	56	東
	ʔÁKÍJMÁNЪDÓLÓPÁNÁC̠I̠BU͉JЪʔÓMÁDÁRD͈Ъ	ákíjamán dhoḷopáná ṣibhaiomá dhárad	373	東諸島共和国連合
	ʔÁKÚLЪ	ákúḷ	57	〜(対格)を読む
	ʔÁMЪ	ám	58	否定副詞
	ʔÁM	áma	59	二人称単数
	ʔÁMʔ͉Ó͉MЪ	ámaum	626	二人称単数属格縮約形
	ʔÁNÓMЪ	ánom	543	属格
	ʔÁP	ápa	62	一人称単数
	ʔÁPSÍB	ápasíbha	520	私の出身
	ʔÁPʔ͉Ó͉MЪ	ápaum	625	一人称単数属格縮約形
	:ʔÁP͈ÍJ͈Ó	áphíyo	370	マーク
	ʔÁSIJCZÚLЪ	ásijacazúḷ	496	彫刻する
	ʔÁSÚK	ásúka	270	人
	:ʔÁTÉLÉTÉʔ	áteletea	707	資本主義
疑義 ʔG͉ЪZÁ	ʔÁZÁ	ázá	542	主格
	ʔÁC̠Á	áṣá	177	〜を原因として
	ʔÁC̠ÁNЪ	áṣán	614	～を原因としての
	ʔÁT̠MЪ	áṭam	291	(甘い)練り物
	:ʔÍCLÁTЪ	ícaḷát	865	静かな
	ʔÍD͈ITÈMЪ	íditaim	450	（人名）
	ʔÍD͈ÚLЪ	ídúḷ	179	〜(ghi)へ入る
	ʔÍN̠ÓʔÚLЪ	íṇoúḷ	750	はっちゃける
	ʔÚJÓ	újo	586	せーの
	ʔÚPD͈ÁCÚLЪ	úpadácúḷ	773	〜(対格)の直後に後続している
	ʔÚRJKÁTÁM͈ÁG	úrajakátá bágha	730	実数
	ʔÚRJÚLЪ	úrajúḷ	219	普通である
	ʔÚRÓ	úro	142	墨
	ʔÚRÓKJÚLЪ	úrokajúḷ	796	〜(具格)(公害など)で〜(hína)を黒く塗りつぶす
	ʔÚRÓʔÚLЪ	úroúḷ	365	黒い
	:D̠UB͈ÁJÓNÍMC̠Ъ	ḍubájonímaṣ	592	ドゥバーギョ民族
	:D̠UJÚLЪ	ḍujúḷ	668	賄賂を渡す
	:D̠ÁZЪ	ḍáz	83	店
	C̠BWU	ṣabhahu	127	オパール
	C̠BWUMЪ	ṣabhahum	298	（人名）
	C̠HB͈ÁTЪ	ṣahabát	652	シャハバート詩
	C̠HÉ	ṣahe	361	(属格で修飾し)～の両方
	C̠WÚLЪ	ṣahúḷ	445	歌う
	C̠É	ṣe	362	(属格で修飾し)～の両方
	C̠ÉKHUQNÚLЪ	ṣekahunnúḷ	661	からまる
	C̠I̠BU͉JЪ	ṣibhai	131	国
	C̠I̠BU͉JЪJÚ̞ƝU	ṣibhaijoṇu	776	政府
	C̠U̟〚NЪJ〛	ṣiṇṇa	133	しかし
	:⧘XЪR⧙ÉSʔÚLЪ	ṣlesaúḷ	840	〜(対格)を指揮している
	R͈ÓMЪ	ṣom	769	(属格で修飾し)～の手柄・功績
	R͈ÓM	ṣoma	134	土手
	R͈ÓM:TÁKU	ṣomatáku	135	共産
	R͈ÓMʔÚLЪ	ṣomaúḷ	136	〜(具格)に対して敬礼する
	R͈ÓMÚLЪ	ṣomúḷ	137	〜(対格)を積む
	R͈ÓNÁRÓNÁʔÚLЪ	ṣonáronáúḷ	209	〜(不定詞+ema
	C̠ÓTЪ	ṣot	466	多くの
	C̠ÓJ͈	ṣoya	221	壁
	C̠G͉Ъ	ṣá	643	上
	:C̠ÁDÓSQMÁ	ṣádhosammá	695	（人名）
	C̠ÁNЪ	ṣán	508	5
	C̠Á[NЪL]Ú̞MЪ	ṣánom	506	8
	C̠ÁNÍMÓ	ṣánímo	664	濃い味のついた鶏などの皮
	C̠ÁRHÚLЪ	ṣárahúḷ	599	夏である
	C̠ÁSUBÓZÚLЪ	ṣásubhozúḷ	470	〜(主格)は〜(対格)が〜(ghi)に入るのを許可する
	C̠Í̠	ṣí	738	（直前の語を取り立てて強調する）
	⧘C̠ЪR͈⧙Í̠K	ṣíka	505	7
	R͈Í̠KWÚLЪ	ṣíkahúḷ	132	座る
	C̠Í̠MЪ	ṣím	654	種無しパン
	C̠Í̠MЪʔÉW̟I	ṣím_eghi	743	石皿
	C̠Í̠J͈	ṣíya	685	判断
	C̠Í̠J͈B͈ÁTЪ	ṣíyabát	553	法廷
	C̠Í̠J͈SÚK	ṣíyasúka	698	裁判官
	C̠Í̠J͈ÁʔÚLЪ	ṣíyáúḷ	269	〜(対格)を裁く
	C̠Í̠C̠Ъ	ṣíṣ	673	動物の足
	C̠ÚS	ṣúsa	242	空
	C̠ÚSB͉ÓMÁNUQʔ	ṣúsahomá nutta	260	雨
	C̠ÚSB͉ÓMÁC̠I̠BU͉JЪ	ṣúsahomá ṣibhai	737	ユエスレオネ連邦
	:T̠XÓTЪ	ṭaxot	775	(セットカイクの)シーズン終了
	:T̠Ó̞CЪ	ṭác	621	尊敬すべき
	:T̠Ó̞NDÓKITЪ	ṭánadhokit	710	椰子の実
	:T̠Ó̞NSÁCÚ	ṭánasácú	709	椰子の木
	:T̠Ó̞XÈSIʔ	ṭáxaisia	823	岩間