	|ʔ|CЪ|C|bÁ|TЪ	accabát	306	(文法上の)文
	|ʔ|CЪ|CÚ|LЪ	accúḷ	52	〜(対格)を書く
	|ʔ|CЪ|wI|K|NЪ|TI|ʔÉ	acwikantie	715	論文
	|ʔ|D	adha	53	目
	|ʔ|D|WÁ|ṣɨ|NЪ	adhaháṣin	817	審美眼に乏しいような
	|ʔ|DÉ|ṣЪ	adheṣ	223	王
	|ʔ|DÉ|ṣЪ	adheṣ	552	アデーシュ
	|ʔ|DÉ|ṣЪ|ṣ★|y	adheṣṣíya	729	王を弾劾する裁判
	|ʔ|GÒ|ṭ	aghauṭa	55	本、図書
	|ʔ|GÒ|ṭ|wÈ|MЪ	aghauṭawaim	299	（人名）
	|ʔÈ|BÒ|S	aibhausa	545	具格
	|ʔ|MI|L	amila	61	魚
	|ʔ|MI|L|hÓ|MÁ|NU|ʔЪ|ʔ	amilahomá nutta	258	魚醤
	|ʔ|mЪ|mÁ|NЪ	ammán	478	形態素
疑義	|ʔ|MЪ|MÚ|LЪ	ammúḷ	386	降りる
	|ʔ|MÁ|M	amáma	60	大きい
	|ʔ|MÁ|M|bÓ|HÚ	amáma bohú	345	「大移住」
	|ʔ|MÚ|LЪ	amúḷ	226	〜(対格)に（比喩的な意味で）勝る
	|ʔ|MÁ|LЪ	amáḷ	226.1	勝る《受動不定詞》
	|ʔ|MЪ	am	226.2	勝る《命令形》
	|ʔ|MЪ|M|ZЪ	ammaz	226.3	勝る《名詞化第一》
	|ʔ|M|MÚ	amamú	226.4	勝る《二人称終止詞》
	|ʔ|M|NÍ	amaní	226.5	勝る《二人称受動終止詞》
	|ʔ|M|bÓ|HÚ|LЪ	amabohúḷ	226.6	勝る《-boh-不定詞》
	|ʔ|M|LÓ	amaḷo	226.7	勝る《一人称受動不定詞》
	|ʔ|MÍ|ṣЪ	amíṣ	226.8	勝る《名詞化第三》
	|ʔ|SÍ|J|ʔÚ|LЪ	asíjaúḷ	473	〜(対格)へ石を投げる
	|ʔ|TЪ|TU|JÚ|LЪ	attujúḷ	820	真っ直ぐである
	|ʔ|TЪ|TU|JЪ|JI|MЪ	attúghim	821	（人名）
	|ʔÒ|M|KÁ|TÁ|RÓ|dЪ	aumakátá rod	378	ハラント
	|ʔÒ|MÚ|LЪ	aumúḷ	377	傾いている
曲用 :ʔÒQP͈ÁG͈I	|ʔÒ|ᵽЪ|ᵽÁ|gЪ	auphphág	678	マスク
曲用 :ʔZÚG͈I	|ʔ|ZÚ|gЪ	azúg	676	謀略
	|ʔ|ḍU|h|WÁ|ṣɨ|NЪ	aḍuhaháṣin	818	審美眼に乏しいような
	|ʔ|ḍU|h|jЪ|dÚ|LЪ	aḍuhaidúḷ	645	～(ghi)を覗く
	|ʔ|ḍU|h|ZÓ|ʔÚ|LЪ	aḍuhazoúḷ	54	〜(対格)を見る
	|ʔ|ḍU|h|ZÓ|ʔÚ|LЪ	aḍuhazoúḷ	504	〜(ghi)へ直線的に向かう
	|ʔ|ḍU|h|ZÁ|ʔÚ|LЪ	aḍuhazáúḷ	339	〜(対格)を〜(具格)(人)に見させる
	|ʔ|ḍU|WÁ|ṣɨ|NЪ	aḍuháṣin	819	審美眼に乏しいような
	|ʔ|ḍ★	aḍí	353	えーっと
	|ʔ|ṭ|MЪ	aṭam	63	神
	|ʔ|ṭ|MЪ|Ká|dЪ	aṭam_kád	315	神の光
	|ʔ|ṭ|Z	aṭaza	64	主義
	|b|CU|JЪ	bacú	468	液体の植物油
	|b|mЪ|mI|CЪ	bammic	629	バンミス
	|b|NЪ|NÚ|LЪ	bannúḷ	688	高い
	|b|NÁ|M|NЪ	banáman	65	親
	|bÒ|KЪ|KÁ	baukká	67	だんだん
	|Ba|JЪ	bhai	312	（直前に数詞・直後に属格語尾を取って）〜番目の
	|B|JÚ|LЪ	bhajúḷ	222	心ひかれている
	|B|TЪ|TÁ	bhattá	634	味
	|B|TЪ|TÁ|ʔÁ|LЪ	bhattááḷ	635	～(主格)は味を感じる
	|BÒ|d	bhauda	838	尻
	|Vá|wЪ|KЪ	bhauk	746	(～という)名
	|BÁ|wЪ|MЪ	bhaum	628	私たちの(除外)
	|V|wЪ|y	bhauya	797	～の間に
	|Ba|ŊЪ|ŊÓ|ʔÚ|LЪ	bhaṇṇoúḷ	824	腐る
	|B|ṣЪ	bhaṣ	388	ちなみに〜
	|BÉ|G|HЪ|HÁ	bheghahhá	679	疲れ切ったときに空元気を出すときの擬声語
	|BÉ|G|HЪ|HÁ|ʔÓ|K|JÚ|LЪ	bheghahhá_okajúḷ	812	疲労をアピールする
	|BÓ|d|KÍ	bhodakí	642	船乗り
	|BÓ|d|KÍ|ʔ|D	bhodakíadha	856	空模様から天気（特に波高）を予測する技量
	|BÓ|dI	bhodi	526	海
	|BÓ|dI|B|TЪ|TÁ	bhodibhattá	636	海の味（魚系統の調味料と塩をまとめて指す）
	|BÓ|dI|Bá|R	bhodibhára	527	潮風
	|BÓ|dÍ|yÓ	bhodíyo	548	海塩
	|BÓ|gЪ	bhog	225	色
	|BÓ|GÁ|NЪ|RÉ|KЪ	bhogán rek	809	顔料
	|BÓ|HÉ|ʔÁ|LЪ	bhoheáḷ	487	法により制限されている
	|BÓ|HÉ|ʔÁ|LЪ	bhoheáḷ	489	bhoheúḷの受動形
	|BÓ|HÉ|ʔÚ|LЪ	bhoheúḷ	336	〜(対格)(二つ以上のもの)を交換する
	|BÓ|M	bhoma	76	手
	|BÓ|M|NЪ	bhoman	550	（人名）
	|BÓ|M|RI|JЪ|ZЪ	bhomarijz	861	得たいという欲望
	|BÓ|MÚ|LЪ	bhomúḷ	77	〜(対格)を取る
	|BÓ|ʔÚ|LЪ	bhoúḷ	316	〜(hína)は〜(主格)で溢れている
	|BÓ|L	bhoḷa	863	羊
	|BÓ|Lo|gЪ	bhoḷog	488	法
	|BÓ|Lo|rÍ|y	bhoḷoríya	686	法的判断
	|BÓ|Lo|RÚ|LЪ	bhoḷorúḷ	486	法を定める
	|BÓ|ŊÒ	bhoṇau	168	小動物が地面に作る巣穴
	|BÓ|ṣ|WÚ|LЪ	bhoṣahúḷ	227	起き上がる
	|BÁ	bhá	68	私たち(除外)
	|Bá	bhá	169	全ての
	|Bá|H	bháha	828	時代に取り残された者
	|Bá|HÉ|P	bháhepa	277	(属格で)国際的な
	|Bá|HÉ|P	bháhepa	278	国際的に
	|Bá|HÉ|ʔÚ|LЪ	bháheúḷ	210	遅刻である
	|Ba|JЪ|J|bÁ|NI	bhájabáni	251	数字
	|Ba|JЪ|J|bÁ|NI|DÉ|LÁ|NÁ|HÚ|LЪ	bhájabánidhelá náhúḷ	727	～(ghi)の近似精度を向上する
	|Bá|KÁ|Ŋ	bhákáṇa	309	(属格で)常なる
	|Bá|KÁ|Ŋ	bhákáṇa	310	常に
	|BÁ|M	bháma	69	私たち(包括)
	|BÁ|M|wЪ|MЪ	bhámaum	627	私たちの(包括)
	|BÁ|MÁ|K|ZЪ	bhámákaz	701	あらゆるものへの我慢
	|Bá|NЪ	bhán	70	～を通って
	|Vá|N|dI|TЪ	bhánadit	728	いじめっ子
	|Bá|NI|MЪ|MÚ|LЪ	bhánimmúḷ	660	秋である
	|Bá|P|RÓ|HÚ|LЪ	bháparohúḷ	798	～(主格)は～(具格)(特性)を共有している
	|Bá|PÚ|LЪ	bhápúḷ	150	〜(hína)である
	|Bá|R	bhára	71	風
	|Bá|R	bhára	869	粥
	|Bá|RÓ	bháro	72	感染症
	|Bá|RÚ|LЪ	bhárúḷ	73	風が吹く
	|Bá|TЪ	bhát	74	バート人
	|Bá|nЪ|nÍ|M|ṣЪ	bhátnímaṣ	554	バート民族
	|Bá|nЪ|nÍ|M|ṣЪ	bhátnímaṣ	555	バートニーマシュ
	|Bá|TÁ|NЪ|RÁ|SI|TЪ	bhátán rásit	296	「バートらしさ」
	|Bá|TÁ|NЪ|ZÉ|ᵽ	bhátán zepha	320	バート語
	|Bá|TÚ|LЪ	bhátúḷ	75	〜(ghi)に対して〜(対格)を話す・喋る
	|BÁ|Z|WÚ|LЪ	bházahúḷ	174	白い
	|BÁ|Z|wЪ	bházau	364	(属格で)白い
	|BÁ|Z|wЪ|KÁ|Z|LÉ|KЪ	bházau_kázalek	655	精液の婉曲表現
	|BÁ|Ŋ★	bháṇí	721	愚かさ
	|BÁ|ŊÚ|LЪ	bháṇúḷ	224	愚かである
	|BÁ|ṣЪ	bháṣ	387	ちなみに〜
	|Bá|ṭÁ|MÚ|LЪ	bháṭámúḷ	182	珍しい
	|bI|TÁ|N|MI	bitánami	692	十四
	|bÓ|H|C|JÚ|LЪ	bohacajúḷ	647	～(ghi)へ近づく
	|bÓ|H|MÁ|TU|JÚ|LЪ	bohamátujúḷ	601	飛んでいく
	|bÓ|HÚ|LЪ	bohúḷ	78	〜(ghi)へ行く
	|bÓ|MЪ	bom	369	不可能副詞
	|bÓ|RÍ|ṣЪ	boríṣ	836	来歴
	|bÓ|RÚ|LЪ	borúḷ	835	〜(oṣa)に由来する
	|bÓ|LÓ|RÚ|LЪ	boḷorúḷ	756	甘い
	|bÓ|ƝÚ|LЪ	boṇúḷ	580	〜(対格)を舐める
	|bÁ|CU|JÚ|LЪ	bácujúḷ	469	〜(対格)に油を注ぐ
	|bá|D	bádha	739	家
	|bÁ|G	bágha	250	数
	|bÁ|G|ḍɨ|Bá|NЪ|ṣ★|y	bághaḍi bhán ṣíya	687	定量的評価
	|bÁ|K|TÚ	bákatú	371	勇敢な者
	|bÁ|K|TÚ|NÁ|MÉ	bákatúnáme	813	勇敢な者どもが打ち開いた
	|bÁ|K|TÚ|LЪ	bákatúḷ	372	勇ましい
	|bÁ|K|ZЪ	bákaz	271	我慢
	|bÁ|KÚ|LЪ	bákúḷ	247	〜(対格)を我慢できている
	|bÁ|NI	báni	66	文字
	|bÁ|NI|MЪ	bánim	300	（人名）
	|bÁ|NI|wÈ|MЪ	bániwaim	507	（人名）
	|bÁ|NI|ṣÓ|MЪ	bániṣom	284	字積
	|bÁ|T|TЪ	bátat	380	外
	|bÁ|T|ṇЪ|ṇÒ|ṭU	bátatṇauṭu	382	借用語
	|bÁ|TU|JÚ|LЪ	bátujúḷ	600	飛ぶ
	|bá|Ŋ|MЪ	báṇam	740	どこかしら辺鄙な場所で
	|bá|ṣɨ	báṣi	232	すっかり
	|C|WÚ|LЪ	cahúḷ	323	〜(対格)をつかまえる
	|C|wЪ|ZÉ|MЪ	cauzem	323.3	〜(対格)をつかまえる《命令形》
	|C|HÚ|LЪ	cahúḷ	323.5	〜(対格)をせきとめる
	|C|wЪ|ZÉ|MЪ	cauzem	323.7	〜(対格)をせきとめる《命令形》
	|C|JЪ	cai	217	〜(具格)の近く
	|CÈ|NÍ|JU	cainíju	211	チョッキ
	|C|JЪ|XI|TЪ	cajxit	509	革命
	|C|JЪ|XI|T|nÒ|NI|J|SU|K	cajxitanaunijasuka	511	フェンテショレー
	|C|JÚ|LЪ	cajúḷ	152	〜(hína)に似ている・まるで〜(hína)のようである
	|C|TÍ|gЪ	catíg	602	蚊や虻など刺したりしてくる虫全般
	|C|wЪ	cau-	328	cahúḷの強語幹
	|C|ZÚ|LЪ	cazúḷ	497	深くする
	|CÉ|JÁ|ʔÚ|LЪ	cejáúḷ	675	待っている
	|CÉ|ꝁÈ	cekhai	463	セットカイク
	|CÉ|P|TÉ|P	cepatepa	82	会話
	|CÉ|ṣ|KÍ	ceṣakí	697	犬男
	|CÉ|ṣÓ	ceṣlo	308	犬
	|CÓ|DI	codhi	681	声
	|CÓ|DI|DÉ|LЪ|CÁ|KÍ|K|ʔÚ|LЪ	codhidhel cákíkaúḷ	844	物議を醸す
	|CÓ|DÁ|ʔÚ|LЪ	codháúḷ	702	声を上げる
	|CÓ|G|NI	coghani	572	いつか
	|CÓ|G|ṭU	coghaṭu	573	いつでも
	|CÓ|GI	coghi	571	いつ
	|CÓ|GÓ|MЪ	coghom	567	いつの
	|CÓ|wЪ|MЪ	com	566	どの
	|CÓ|r|JÚ|LЪ	corajúḷ	578	どのようである
	|CÓ|ḍU	coḍu	570	どれでも
	|CÓ|ṇ|Ná	coṇaná	562	どれか
	|CÓ|ƝU	coṇu	770	シャモット（焼いた粘土の粉）
	|CÓ|ṇá	coṇá	561	どれ
	|CU|NЪ	cun	705	〜といえども
	|CÁ|JÒ	cájau	79	～と共に
	|CÁ|KÍ|K|ʔÚ|LЪ	cákíkaúḷ	80	〜(対格)を訪れさせる
	|CÁ|KÍ|KÁ|T	cákíkáta	215	幸運
	|CÁ|KÍ|KÁ|T|ḍɨ|CÁ|JÒ	cákíkátaḍi cájau	498	幸運にも
	|CÁ|KÍ|KÚ|LЪ	cákíkúḷ	81	〜(oṣa)から来る
	|CÁ|N|JÚ|LЪ	cánajúḷ	155	〜(対格)に気づく
	|CÁ|T|GI	cátaghi	603	蚊や虻など刺したりしてくる虫全般
	|CÁ|w|ṭÈ|MЪ	cáwaṭaim	557	（人名）
	|d|NÚ|LЪ	danúḷ	274	〜(不定詞)してもよい
	|d|TЪ	dat	253	〜だけ
	|dÒ|ᵽ	daupha	213	限界
	|dÒ|ᵽ|SÁ|K	dauphasáka	854	(分詞+dauphasákabhau bohúḷで)可能な限り〜をする
	|dÉ|J	deja	180	なんとまあ
	|DÈ|ZЪ	dhaiz	834	長さ
	|D|M	dhama	693	見たところ
	|DÒ|N	dhauna	666	虎
	|DÉ|dI|G|TЪ	dhedighat	517	テティェン（鳥名）の子供
	|DÉ|SÉ|NЪ	dhesen	864	（人名）
	|DÉ|SÉ|ʔÚ|LЪ	dheseúḷ	233	〜(対格)を聞いている
	|DÉ|TЪ	dhet	516	テティェン（鳥名）
	|DÉ|ZЪ	dhez	479	一息つくこと
	|DÉ|ZÁ|NЪ|ʔÉ	dhezán e	839	ピッチが高くなり息抜きが発生するたびに軸を切る流儀
	|DÉ|ZÁ|ʔÚ|LЪ	dhezáúḷ	234	〜(対格)を見つけて抜き取る
	|DÉ|ṣɨ|NЪ	dheṣin	872	（暦の）〜月
	|DÓ|KI|TЪ	dhokit	589	果実
	|DÓ|KI|TÚ|LЪ	dhokitúḷ	699	果実が実る
	|DÓ|ZÓ|CÚ|LЪ	dhozocúḷ	658	驚く
	|DÓ|LÓ|PЪ	dhoḷop	85	島
	|DÓ|LÓ|PÁ|NÁ|DÁ|R|dЪ	dhoḷopáná dhárad	374	東諸島共和国連合
	|DÁ|KЪ	dhák	772	素早く
	|Dá|NЪ	dhán	665	ダーン湖（グォン・アルト藩国にある湖の一つ）
	|DÁ|NЪ	dhán	816	～だというのにもかかわらず
	|DÁ|R|dЪ	dhárad	84	連合
	|DÁ|R|d|jЪ|dÚ|LЪ	dháradaidúḷ	749	〜(ghi)に押しかける
	|DÁ|R|dÚ|LЪ	dháradúḷ	443	（一つの場所に）集まる
	|DÁ|ZÚ|LЪ	dházúḷ	207	楽しい
	|DÁ|LÓ|MЪ	dháḷom	690	広場
	|DÍ|M|TЪ	dhímat	640	針
	|DÍ|NÁ	dhíná	546	後置格
	|DÍ|PЪ	dhíp	183	鎖
	|DÍ|ṣЪ	dhíṣ	837	爪
	|dÓ|G|JÚ|LЪ	doghajúḷ	588	～(対格)を濾す
	|dÓ|M	doma	559	誰
	|dÓ|M|N	domana	560	誰か
	|dÓ|M|ṭU	domaṭu	569	誰でも
	|dÁ|CÚ|LЪ	dácúḷ	459	〜(対格)に後続している
	|dÁ|KÍ|NÚ|LЪ	dákínúḷ	303	〜(対格)を〜(ghi)に与える・あげる・渡す
	|dÁ|PЪ	dáp	637	唇
	|dÁ|ṣЪ	dáṣ	465	〜(具格)の後ろ
	|dÍ	dí	156	それ
	|dÍ|ʔ|bÁ|NI	díabáni	747	引用符
	|dÍ|ʔ|ʔÚ|LЪ	díaúḷ	745	～(対格)を引用する
	|dÍ|GI	díghi	515	テニェーク（鳥名）
	|dÍ|LЪ	díl	744	串
	|dÍ|LI|T|MЪ	dílitam	500	（人名）
	|dÍ|M	díma	228	(第三形式名詞)
	|dÍ|N	dína	205	自身
	|dÍ|N|wЪ|MЪ	dínaum	801	dína 属格縮約形
	|dÍ|ṣÓ	díṣlo	176	花
	|ʔÉ|ʔ	ea	352	えーっと
	|ʔÉ|BÒ|d	ebhauda	867	nautuhomá e の末尾部分
	|ʔÉ|CÓ|DI	ecodhi	680	母音
	|ʔÉ|yI	eghi	385	石
	|ʔÉ|yI|NЪ	eghin	694	（人名）
	|ʔÉ|HÈ	ehai	314	王冠
	|ʔÉ|HÈ|hÓ|MÁ|Ká|dЪ	ehaihomá kád	317	冠の光
	|ʔÉ|KЪ	ek	86	〜らしい
	|ʔÉ|KÁ|yI	ekághi	788	nautuhomá e の先頭部分
	|ʔÉ|L|MÉ	elame	780	軍人
	|ʔÉ|L|MÉ|NI|ʔÁ|CЪ	elameniác	358	労働者
	|ʔÉ|LÉ|S	elesa	544	対格
	|ʔÉ|M	ema	87	（稀）～ように
	|jÉ|P	epa	88	土地
	|jÉ|P|HÍ|J	epa_híja	615	文化
	|jÉ|P|MЪ	epam	347	（人名）
	|ʔÉ|ᵽ|ʔÚ|LЪ	ephaúḷ	499	落ちる
	|ʔÉ|SÚ|K	esúka	800	中心人物
	|ʔÉ|yÁ|ʔÚ|LЪ	eyáúḷ	474	〜(対格)を率いている
	|g|ṇЪ|ṇ★	gaṇṇí	512	えーっと
	|G|CЪ|CÚ|LЪ	ghaccúḷ	547	〜(対格/hína)を理解する
	|GÒ	ghau	281	刀
	|GÒ|J|GÁ	ghau ja ghá	283	武器
	|G|wЪ|ṣЪ	ghauṣ	595	名詞
	|GI	ghi	90	～へ
	|jI|BÁ|ṭÚ|LЪ	ghibháṭúḷ	785	後悔する
	|GI|dÍ|NЪ	ghidín	606	～への
	|ʔI|KÍ|S	ghikísa	461	木の小片
	|ʔI|TЪ|TÓ	ghitto	346	jekto姓
	|GU|TЪ|TÁ|MЪ	ghuttám	667	焼き物の壺
	|GU|ŊÁ|SÚ|K	ghuṇásúka	846	付き人
	|GU|ŊÚ|LЪ	ghuṇúḷ	842	〜(対格)を〜(hína/ghi)に置く
	|GU|ṇЪ|ṇÉ|G|ʔÚ|LЪ	ghuṇṇeghaúḷ	843	〜(対格)を繋げる
	|GÁ	ghá	282	弓
	|GÁ|mÓ|GÚ|LЪ	ghámoghúḷ	767	赤い
	|GÁ|NЪ	ghán	766	赤
	|GÁ|N|ʔÚ|LЪ	ghánaúḷ	290	〜(対格)を加熱する・温める・暖める・加温する・熱くする・暑がらせる
	|GÁ|NI	gháni	173	火
	|GÁ|NÚ|LЪ	ghánúḷ	214	暑い
	|GÁ|TU	ghátu	89	子供
	|GÁ|w|NÚ|NÍ|M|ṣЪ	gháwanúnímaṣ	556	ドゥバーギョ民族
	|Gá|yÓ|ʔÚ|LЪ	gháyoúḷ	344	鋳造する
	|GÍ|M	ghíma	768	筒状の笛
	|GÍ|yÓ	ghíyo	235	塩
	|gÁ|P|dÉ|NЪ	gápaden	622	フォント
	|H	ha	91	～しよう
	|HÉ|L|ZÁ	helazá	583	波
	|HÉ|MЪ	hem	93	完了の無変化動詞
	|HÉ|M|SÁ	hemasá	483	hemと-sáの連語。
	|HÉ|M|SÁ|ƝÒ|ṭU	hemasáṇauṭu	594	状態動詞
	|HÉ|MI|Jo|ya	hemijoya	481	hemとjoyaの連語
	|HÉ|mЪ|mÁ|NЪ	hemmán	805	〜でありやがるような
	|HÉ|MÚ|LЪ	hemúḷ	94	ある
	|He|yÁ|ZЪ	heyáz	239	思考
	|He|yÁ|ʔÚ|LЪ	heyáúḷ	95	〜(ema)を思う・〜(ema)について考える
	|WÓ	ho	229	第二形式名詞
	|HÓ	ho	841	呼びかけ助辞
	|WÓ|DI	hodhi	696	油（比喩的にのみ用いる）
	|HÓ|R|bÁ|TЪ	horabát	97	文化
	|HÓ|R|NÁ|HÚ|LЪ	horanáhúḷ	771	〜(対格)を〜(ghi)に書き加える
	|HÓ|RÚ|LЪ	horúḷ	98	〜(対格)を書く
	|HU|ṭÉ|ʔÚ|LЪ	huṭeúḷ	154	〜(動詞不定詞)が始まる
	|HÁ	há	92	あー！えー
	|HÈ|JU	háju	725	闇
	|HÁ|MÍ	hámí	722	美しさ
	|HÁ|MÚ|LЪ	hámúḷ	683	美しい
	|HÁ|T	háta	186	布
	|HÁ|T|ṣÓ|MЪ	hátaṣom	187	ポケット
	|WÁ|ṣɨ|NЪ	háṣin	662	～なき～
	|HÍ|J	híja	188	心
	|HÍ|J|Gá|yÓ|ʔÚ|LЪ	híjagháyoúḷ	762	～(対格)に心を注ぎ込む
	|HÍ|J|jЪ|dÚ|LЪ	híjaidúḷ	755	～(ghi)(趣味や芸術など)に入れ込む
	|HÍ|J|RÉ|CÚ|LЪ	híjarecúḷ	830	秘めていた心のうちをさらけ出す
	|HÍ|N	hína	96	～に
	|HÍ|NÈ	hínai	849	～にある～
	|HÍ|NÁ|ZÒ|wÁ|NЪ	hínázáwán	613	～で起きた
	|J	ja	178	そして
	|J	ja	706	〜といえども
	|J|G	jagha	718	確実に～だろう
	|J|mЪ|mÓ|HÚ|LЪ	jammohúḷ	585	〜(主格)(人)が〜(oṣa)から〜(ghi)へ物理的に外出する
	|J|mÓ|HÚ|LЪ	jamohúḷ	584	出る
	|J|NÁ|ʔÚ|LЪ	janáúḷ	191	〜(oṣa)を材料として〜(対格)を作る
	|J|NÚ|LЪ	janúḷ	192	生じる
	|J|RÚ|ṣɨ	jarúṣi	212	そしてその後
	|JÒ|ᵽ	jaupha	808	留め針
	|JÓ	jo	99	または
	|Jo|DI|TЪ	jodhit	793	〜(具格)の 4 分の 1
	|JÓ|gЪ	jog	523	（勘違いによる）誤情報
	|JÓ|GÉ|LÉ|C|HÚ|LЪ	jogele cahúḷ	848	口にする前に自身の主張に含まれる誤りに気づく
	|JÓ|KЪ	jok	558	viokk姓
	|JÓ|MÚ|LЪ	jomúḷ	663	拾う
	|JÓ|R|ʔÚ|LЪ	joraúḷ	524	～(対格)にヤスリがけをする
	|JÓ|wЪ|RÓ|LÓ	joroḷo	874	ヨヴローロ（魚名）
	|JÓ|SÉ|dÚ|LЪ	josedúḷ	656	沈む
	|Jo|ya	joya	480	もし〜(前文)なら〜(後文)
	|Jo|ƝU	joṇu	733	政府
	|JU|ʔÉ|CЪ|LÉ|ʔÓ|NÉ	juecleone	100	ユエスレオネ
	|Já	já	717	確実に～だろう
	|JÁ|MЪ	jám	319	(肯否疑問文の明示)
	|GIÁ|NЪ	ján	605	～への
	|JÁ|PÁ|ʔÉ|ʔÓ	jápáeo	494	日本
	|JÚ|gЪ	júg	677	ユーゲ人
	|JÚ|gÓ|KЪ	júgok	248	ユーゴック
	|JÚ|ᵽÉ|J	júpheja	475	ユフィア
	|KЪ	k	216	(第一形式名詞)
	|K|CÚ|LЪ	kacúḷ	795	復讐する、仇討ちする、報復する
	|KÈ|KÚ|LЪ	kaikúḷ	493	〜(対格)と戦う
	|K|ṣÓ	kaṣlo	107	三人称女性複数
	|K|ṭÁ|D	kaṭádha	641	船
	|ꝁÈ|ꝁЪ|ꝁÈ|KЪ	khaikhkhaik	731	「良い戦いを」
	|ꝁ|KЪ	khak	108	父
	|ꝁ|KЪ|ꝁ|KЪ	khak khak	447	咳の擬音
	|ꝁ|ṇЪ|ḍ★	khaṇḍí	514	えーっと
	|ꝁ|ṇЪ|ṇ★	khaṇṇí	513	えーっと
	|KЪ|HÉ|MЪ	khem	350	～(主格)は～(属格・連体詞)のものである
	|ꝁÁ|ṣ★	kháṣí	712	辣パン
	|ꝁÚ|w|DÉ|ṣЪ	khúwadheṣ	862	クワ王
	|KI|TЪ	kit	206	とても
	|KI|ṣÓ	kiṣlo	110	三人称男性複数
	|KÓ	ko	111	これ
	|KÓ|LI	koli	112	疲れ
	|KÓ|wЪ|MЪ	kom	153	この
	|KÓ|MÁ|NЪ	komán	804	こんな
	|KÓ|r|JÚ|LЪ	korajúḷ	648	このようである
	|KÓ|RÚ|ṣ|MЪ	korúṣam	502	（人名）
	|KÓ|Lo|RÚ|LЪ	koḷorúḷ	455	長年の使用により材料が劣化している
	|KÓ|ṇÒ	koṇau	833	橋
	|KÓ|ṣЪ	koṣ	857	人間の足
	|KÓ|ṭЪ	koṭ	204	草
	|KÓ|ṭ|Bá|R	koṭabhára	870	雑草やその種などを使った救荒食としての粥
	|KÓ|ṭÈ|MЪ	koṭaim	786	（人名）
	|KÓ|ṭÁ|NÁ|jÉ|P	koṭáná epa	261	草地
	|KÓ|ṭÁ|NÁ|ṣÓ|y	koṭáná ṣoya	263	垣根
	|KU|J|CU|JЪ	kujacú	366	(属格で)黄色い
	|KU|wÁ	kuwá	779	(セットカイクの)筆駒
	|KU|Ŋ|NЪ|NÚ|LЪ	kuṇannúḷ	670	削る
	|KÁ	ká	101	三人称女性単数
	|Ká	ká	292	kの複数形
	|Ká|dЪ	kád	103	光
	|Ká|d|KÁ|Ná	kádakáná	359	火花
	|Ká|d|NЪ	kádan	301	（人名）
	|Ká|d|ʔÚ|LЪ	kádaúḷ	280	〜(対格)を見せる
	|Ká|dÚ|LЪ	kádúḷ	102	光る
	|KÁ|yI	kághi	758	口
	|KÁ|yI|NÁ|MÚ|LЪ	kághinámúḷ	759	話し始める
	|KÁ|N|GÚ|LЪ	kánaghúḷ	220	跳ねる
	|KÁ|N|TÚ|LЪ	kánatúḷ	172	走る
	|KÁ|NÁ	káná	324	kの複数属格
	|KÁ|Ná	káná	325	kánaghúḷの命令形
	|KÁ|NÁ|Ká	káná ká	293	káという発話のうちkの複数形を意味していることを明示する表現
	|KÁ|ʔÓ|MЪ|KÁ	káom ká	294	káという発話のうち三人称女性単数を意味していることを明示する表現
	|KÁ|Z|LÉ|KЪ	kázalek	619	泥
	|KÁ|Ŋ	káṇa	104	時間
	|KÁ|Ŋ|BÓ|dI	káṇabhodi	657	忘却の彼方
	|KÁ|Ŋ|hÓ|MÁ|ʔ|MI|L	káṇahomá amila	266	エイプリルフール
	|KÁ|ṇÈ|S	káṇaisa	231	折よく
	|KÁ|ŊÁ|MЪ	káṇám	105	永遠に
	|KÁ|ŊÁ|MЪ	káṇám	106	永遠
	|KÍ	kí	109	三人称男性単数
	|KÍ|GI	kíghi	704	kíḍi ghi の縮約
	|KÍ|S|MÚ|LЪ	kísamúḷ	760	～(主格)は～(対格)を伸ばす
	|KÍ|TÈ|TÚ|w	kítaitúwa	633	（都市名）
	|KU|JЪ|CU|JÚ|LЪ	kúcujúḷ	368	黄色い
	|KU|JЪ|CU|JЪ	kúcú	367	(属格で)黄色い
	|LÈ|HÒ	laihau	847	空気
	|La|MЪ|MÍ	lammí	791	〜(具格)の 3 分の 1
	|LÉ|G	legha	114	絵
	|LÉ|GÚ|LЪ	leghúḷ	115	絵を描く
	|LÉ|XÉ|LЪ	lexeḷ	333	レシェール
	|LI|MЪ|MÓ	limmo	659	塵
	|LI|NÉ|PÁ|JЪ|NÉ	linepáne	464	リパライン語
	|LI|NÉ|PÁ|JЪ|NÉ|ƝÒ|ṭU	linepáneṇauṭu	653	リパライン語の単語
	|LI|P|KÓ|ʔÚ|LЪ	lipakoúḷ	268	〜(対格)をリパコールする
	|LI|P|KÓ|LЪ	lipakoḷ	267	リパコール
	|LI|PÁ|XÉ	lipáxe	719	リパーシェ（リパライン語を表記するのに用いられる文字）
	|Lo|MЪ	lom	245	三
	|LÓ|PU|dЪ	lopud	815	家具
	|LÁ|B	lábha	587	もしもし？
	|LÁ|N|WÚ|LЪ	lánahúḷ	218	〜(対格)を追う
	|LÁ|SI	lási	113	一
	|LÁ|SI|JÚ|LЪ	lásijúḷ	462	統一する
	|LÁ|SI|NЪ	lásin	822	（人名）
	|LÁ|w	láwa	708	年齢
	|LÁ|ṭЪ	láṭ	875	（落葉樹の名）
	|LÍ|B|ṭЪ	líbhaṭ	784	後悔
	|LÍ|Ŋ	líṇa-	384	ラネーメ・燐帝字母などを表す右接被覆形
	|LÍ|Ŋ|bÁ|NI	líṇabáni	313	燐字
	|LÍ|Ŋ|ƝÒ|ṭU	líṇaṇauṭu	383	ラネーメ系の単語
	|M|K|TI	makati	376	アイル共和国首都
	|M|NÁ|M|NЪ	manáman	117	親
	|M|SÁ|TU	masátu	522	（騙す意図のある）嘘
	|MÓ|LЪ	moḷ	850	～にある～
	|MÁ|B	mábha	116	二人称複数
	|NÈ	nai	868	（名詞の後ろに置いて）他ならぬ
	|NÒ	nau	360	(属格で修飾し)～のすべて
	|NÒ|KI	nauki	549	塩および穀物の入る木箱
	|nÒ|NÉ|ᵽ|ʔÚ|LЪ	naunephaúḷ	644	勢いよく落ちる
	|nÒ|NI|JÚ|LЪ	naunijúḷ	510	反撃する
	|nÒ|nI|Lo|RÚ|LЪ	naunilorúḷ	495	〜(対格)を刺す
	|NÒ|NÁ|H|ZЪ	naunáhaz	832	総和
	|nÒ|TU	nautu	272	単語
	|nÒ|TU|hÓ|MÁ|ʔÉ	nautuhomá e	311	シローレーカー
	|NÒ|ZÉ|MЪ	nauzem	700	やめてくれ
	|nÒ|ṇ|GÚ|LЪ	nauṇaghúḷ	492	争う
	|nÒ|ṇ|MÚ|LЪ	nauṇamúḷ	794	（食べ物や飲み物などを）過剰に摂取する
	|nÒ|ṭU	nauṭu	351	nautuの方言形
	|NÉ|SÉ	nese	814	家具
	|NI|ṇЪ|ṇÓ|PЪ	niṇṇop	782	製紙職人
	|NÓ|NЪ	non	288	劣悪なもの
	|NÓ|NÚ|LЪ	nonúḷ	287	〜(主格)は（質などが）劣悪である
	|NÓ|TЪ	not	565	なんの
	|NÓ|T	nota	577	いくつ
	|NÓ|T|ṭU	notaṭu	752	いくつも
	|No|ṣЪ	noṣ	790	〜(具格)の半分
	|NU|DÓ|RÚ|LЪ	nudhorúḷ	457	遊ぶ
	|NU|MÍ|JU	numíju	175	ピンク
	|NU|ʔЪ|ʔ	nutta	122	液体
	|NÁ|dÍ|TÍ	nádítí	720	眠気
	|NÁ|dÍ|TÚ|LЪ	nádítúḷ	197	眠い
	|NÁ|GU	nághu	669	9
	|NÁ|H|ZЪ	náhaz	355	足し算
	|NÁ|HÉ|P	náhepa	563	どこ
	|NÁ|HÉ|P	náhepa	574	どこ
	|NÁ|HÉ|P|NI	náhepani	564	どこか
	|NÁ|HÉ|P|NI	náhepani	576	どこか
	|NÁ|HÉ|P|ṭU	náhepaṭu	575	どこでも
	|NÁ|HÓ|ZЪ	nához	356	名詞を格変化させること
	|NÁ|HÓ|ZÚ|LЪ	náhozúḷ	357	〜(対格)を〜(具格)の形に格変化させる
	|NÁ|HÚ|LЪ	náhúḷ	354	〜(対格)を〜(ghi)に付け加える
	|NÈ|yU	náju	748	酒
	|NÁ|MÚ|LЪ	námúḷ	244	〜(対格)を開く
	|NÁ|N	nána	118	何
	|NÁ|N	nána	119	関係代名詞
	|NÁ|N|ṭU	nánaṭu	568	なんでも
	|NÁ|L	náḷa	518	ナルヴァ（鳥名）
	|NÁ|L|wÈ|MЪ	náḷawaim	519	（人名）
	|NÍ|gЪ	níg	763	（稀）鉱物粉を選り分けるために溝を掘った樋
	|NÍ|GÁ|NЪ|KÁ|Ŋ|BÒ	nígán káṇabhau	873	時間という選別者により
	|NÍ|M|ṣЪ	nímaṣ	120	民族
	|NÍ|M|ṣÁ|NÁ|T|KU	nímaṣáná taku	264	連邦
	|NÍ|NЪ	nín	331	紙
	|NÍ|N|CЪ|CÚ|wЪ	nínaccú	121	貝葉
	|NÚ	nú-	472	núḷの強語幹
	|NÚ|ʔ|JÓ|R|ʔÚ|LЪ	núajoraúḷ	761	～(対格)を洗って研ぐ
	|NÚ|D	núdha	456	遊び
	|NÚ|D|BÓ|Lo|gЪ	núdhabhoḷog	597	（ゲームの）ルール
	|NÚ|D|bÁ|G	núdhabágha	460	（遊戯の）点数
	|NÚ|D|HÁ|T	núdhaháta	777	(特に布製の)ゲームボード
	|NÚ|M|M	númama	632	（都市名）
	|NU|JЪ|SU	núsu	476	軍
	|NÚ|LЪ	núḷ	471	〜(対格)を洗う
	|NÚ|ʔ|DÍ	núadhí	471.5	〜(対格)を洗う《一人称終止詞》
	|nÚ|ṇÁ|NЪ	núṇán	853	安全な
	|ʔÓ|yI	oghi	852	骨
	|ʔÓ|HI	ohi	249	友
	|ʔÓ|HI|G|TЪ	ohighat	765	友人の子供
	|ʔÓ|HI|GI	ohighi	714	ohiḍi ghi の縮約
	|ʔÓ|K|JÚ|LЪ	okajúḷ	723	～(対格)を撒く
	|ʔÓ|KÁ|KÚ|LЪ	okákúḷ	237	〜(対格)を見ている
	|ʔÓ|S|KÁ|NЪ	osakán	608	～からの
	|ʔÓ|TÚ|LЪ	otúḷ	335	〜(対格)を〜(具格)で置き換える
	|ʔÓ|ṣ	oṣa	151	〜から
	|ʔÓ|ṣÁ|NЪ	oṣán	607	～からの
	|FÈ|C|NU|TЪ|TÉ	paicanutte	724	麺
	|F|wЪ|T|wá|wЪ|T	pautawauta	485	能力レベル
	|FÉ|dI|ʔ	pedia	123	フェディア
	|PÉ|MÉ|CÉ|FÉ	pemecepe	375	東諸島共和国連合
	|ᵽÈ|CЪ|NI|X|TÉ	phaicnixate	638	麺
	|ᵽÈ|g	phaiga	341	(属格で)パイグの
	|ᵽÈ|g|hÓ|MÁ|ZÉ|ᵽ	phaigahomá zepha	342	パイグ語
	|ᵽÉ	phe	624	はぁ？
	|ᵽÉ|CÚ	phecú	579	ラ・ペーターラージテン・スーイバイモーベーン
	|ᵽÉ|CÚ|ᵽÈ|CЪ|NI|X|TÉ	phecúphaicnixate	639	ペースー麺
	|ᵽÉ|gÁ|NЪ	phegán	799	顔立ちのよい
	|ᵽÉ|TЪ|TU|yЪ	phettuj	811	フェーッテュイ（小麦粉に砂糖や果物のジュースを加えて発酵させずに焼いたクラッカー状のものにどんぐりの餡を塗った物）
	|ᵽÒ|w	pháwa	591	しかし
	|ᵽÍ|LÉ|XЪ	phílex	806	了解した
	|ᵽÍ|LÉ|XЪ|ṣÁ|gЪ	phíleṣṣág	860	イエスマン
	|ᵽÚ|PÉ|NЪ	phúpen	171	兎
	|PÒ|w	páwa	590	しかし
	|R	ra	859	（直前の語に疑義があるときにつける）
	|R|BÁ|ṭÚ|LЪ	rabháṭúḷ	674	砕く
	|R|Cá	racá	845	櫛
	|R|KЪ|KI|G	rakkigha	871	ただ漫然と無為に生きているだけで何も生産的なことを行っていない輩
	|R|KЪ|KÚ|LЪ	rakkúḷ	124	生きている
	|RÒ|KI	rauki	252	胸
	|RÉ|CÚ|LЪ	recúḷ	184	〜(対格)を〜(oṣa)という包装・箱などの中から取り出す
	|RÉ|KЪ	rek	618	土
	|RÉ|K|SÚ|KЪ	rekasúk	620	泥人形
	|RÉ|KÁ|NЪ|B|TЪ|TÁ	rekán bhattá	713	野菜や肉など特に保存がきかない陸のものの味
	|RI|JЪ|ZЪ	rijz	241	願い事
	|RI|JÚ|LЪ	rijúḷ	238	〜(対格)を願う
	|RÓ|dЪ	rod	379	短いやつ
	|RÓ|d|HÉ|M|SÁ|ƝÒ|ṭU	rodahemasáṇauṭu	596	瞬間動詞
	|RÓ|dÚ|LЪ	rodúḷ	265	短い
	|RÓ|H|T|MЪ	rohatam	732	（人名）
	|RÓ|HÚ|LЪ	rohúḷ	598	平らである
	|RÓ|ŊÚ|LЪ	roṇúḷ	757	曇っている
	|RU|TÓ|ṣ★	rutoṣí	711	渋パン
	|RU|ṣЪ|ṣá	ruṣṣá	684	上下
	|RÁ|B|ṭЪ	rábhaṭ	716	破片
	|RÁ|SI|TЪ	rásit	295	香り
	|RÁ|SI|TÚ|LЪ	rásitúḷ	236	香る
	|RÍ|K	ríka	125	2, 二
	|RÍ|K|La|MЪ|MÍ	ríkaḷammí	792	〜(具格)の 3 分の 2
	|RI|JЪ|L	ríla-	467	rijaḷa-の縮約
	|RÍ|ʔÓ|NЪ	ríon	631	対策
	|RI|JЪ|ZЪ	ríz	240	希望
	|RI|JЪ|Z|NЪ	rízan	302	（人名）
	|RÚ|K|S	rúkasa	448	年老いた女性
	|RÚ|K|S|MЪ	rúkasam	453	（人名）
	|RÚ|S	rúsa	855	（落葉樹の名）
	|RÚ|ṣЪ	rúṣ	208	下
	|RÚ|ṣÁ|NЪ|KÁ|Ŋ	rúṣán káṇa	262	時間的な後
	|S|KЪ|KÁ	sakká	129	万歳
	|SÉ|HÁ|ZÚ|LЪ	seházúḷ	286	嬉しい
	|SÉ|SÉ	sese	203	いやだ
	|SÉ|SÉ|ʔÚ|LЪ	seseúḷ	202	面倒だ
	|SÉ|Ŋ	seṇa	181	突然
	|SU	su	138	金銭
	|SU|Z|wЪ	su_zau-	334	suúḷの強語幹
	|SU|JÚ|LЪ	sujúḷ	139	〜(hína)のために〜(対格)を使う・利用する
	|SU|wÚ|LЪ	suúḷ	140	商っている
	|SU|ZÉ|MЪ	suzem	140.1	商っている《命令形》
	|SU|dÍ|N	sudína	140.2	商っている《一人称過去分詞》
	|SU|Z|wЪ|ZЪ	su_zauz	140.3	商っている《名詞化第一》
	|SU|LÓ|RÚ|LЪ	suḷorúḷ	490	〜(具格)の強い香りで〜(対格)の不快なにおいを隠す
	|SÁ	sá	126	女性
	|SÁ|K	sáka	128	道
	|SÁ|K|hÓ|MÁ|ḍÁ|ZЪ	sákahomá ḍáz	259	路商
	|SÁ|P|Bá|TЪ	sápabhát	521	古バート語
	|SÁ|PÚ|LЪ	sápúḷ	458	古い
	|SÍ	sí	689	～だなぁ
	|SÍ|B	síbha	130	出身
	|SÍ|B|DÓ|LÓ|PЪ	síbhadhoḷop	646	故郷の島
	|SÍ|B|MЪ	síbham	551	（人名）
	|SÍ|MÓ|ʔÚ|LЪ	símoúḷ	858	ケチである
	|SÍ|TЪ	sít	363	粘土
	|SÍ|yÓ|ʔÚ|LЪ	síyoúḷ	243	〜(不定詞)しすぎている
	|SU|JЪ	sú-	327	sujúḷの強語幹
	|SÚ|L	súḷa	491	強い芳香を持つ草やその実
	|TЪ	t	289	感嘆を表す
	|T|KU	taku	141	流れ
	|T|TÚ	tatú	827	約束
	|TЪ|CU|wÓ	tcuwo	774	(ボードゲームの)駒
	|TÓ|y|TЪ	toyat	623	トイター教徒
	|TÁ|ᵽÍ|yÓ|TЪ	táphíyot	444	なんかちょっとかっこいい感じのケース
	|wÉ	we	829	だんだん
	|wÉ|ᵽI|SÉ	wephise	297	ヴェフィス語
	|wÓ|GI|TЪ	woghit	143	兄弟
	|wÓ|GI|TÈ|MЪ	woghitaim	349	（人名）
	|wÓ|GI|T|MЪ	woghitam	348	（人名）
	|wá|K|WÚ|LЪ	wákahúḷ	230	〜(対格)（という平面）を横切って進む
	|wá|PÚ|LЪ	wápúḷ	807	～(主格)という油が酸化して悪臭を帯びている
	|wÁ|TЪ	wát	321	ワート弁
	|wÁ|TÁ|NЪ|ZÉ|ᵽ	wátán zepha	322	ワート弁
	|wÁ|L	wáḷa	446	互いに互いを
	|wÍ|CЪ|L|TÍ	wíclatí	789	本物
	|X|LЪ|LЪ	xall-	616	「～もどき」「擬～」「～に似て非なるもの」などを表す右接被覆形
	|X|LЪ|LI	xalli-	604	「～もどき」「擬～」「～に似て非なるもの」などを表す右接被覆形
	|X|LЪ|LÁ|B	xallábha	851	いがみ合いの演出
	|X|LЪ|LÁ|NÓ|MЪ	xallánom	617	擬属格
	|X|LЪ|LÁ|SÚ|K	xallásúka	736	人と見做すに値しない存在
	|XÉ|JU	xeju	144	シェユ
	|XÉ|TÁ	xetá	810	正義と判断を司る神族シェーター
	|XÁ|GÈ|K	xághaika	343	目立ちたがり屋
	|XÁ|G|JÚ|LЪ	xághajúḷ	581	～(主格)は～(対格)という値段である
	|XÍ|JU	xíju	778	投げ棒
	|XÍ|JU|bÁ|G	xíjubágha	783	投げ棒を投げて出た数
	|XÍ|ZÍ|ʔ	xízía	279	こんにちは
	|yÁ|MЪ	yám	318	(肯否疑問文の明示)
	|Z|lЪ|lÓ|ʔÚ|LЪ	zalloúḷ	185	〜(不定詞)すべきである
	|Z|wЪ	zau-	326	zúḷの強語幹
	|Z|wЪ|SÁ|ƝÒ|ṭU	zausáṇauṭu	593	動作動詞
	|ZÉ|KÁ|T	zekáta	145	腰巻
	|ZÉ|ᵽ	zepha	146	言語
	|ZÉ|ʔÚ|LЪ	zeúḷ	147	〜(対格)を巻く
	|ZU	zu	170	再び
	|ZU|bÓ|HÚ|LЪ	zu bohúḷ	649	〜(ghi)へ帰る
	|ZU|CÁ|KÍ|KÚ|LЪ	zu cákíkúḷ	650	〜(oṣa)から帰ってくる
	|ZÁ|dÉ|ʔÚ|LЪ	zádeúḷ	285	〜(対格)を恐れている
	|ZÁ|HÓ|NÁ|ʔÈ|BÒ|S	záhoná aibhausa	682	使役具格
	|ZÁ|KÁ|TÁ|Z|wЪ|SÁ|ƝÒ|ṭU	zákátá zausáṇauṭu	831	使役動詞
	|ZÁ|MÚ|LЪ	zámúḷ	307	優しい
疑義	|ZÁ|N|ŊÚ|LЪ	zánaṇúḷ	751	～(主格)は～(対格)を～(hína)という場所に放置している
	|ZÁ|FI|ʔÓ|FÉ|CЪ	zápiopec	630	共和国
	|Z|wЪ|wÈ|MЪ	záwaim	449	（人名）
	|ZÁ|ʔÚ|LЪ	záúḷ	337	〜(対格)を〜(具格)(行為者)にさせる・行なわせる・行わせる
	|ZÍ	zí	503	xízía.の省略
	|ZÍ|GÍ|ṣЪ	zíghíṣ	194	時計
	|ZÍ|GÚ|LЪ	zíghúḷ	193	整然としている
	|ZÍ|ṣÓ	zíṣlo	525	つる植物
	|ZÍ|ṣÓ|MЪ	zíṣom	764	（人名）
	|ZÚ|LЪ	zúḷ	148	〜(対格)をする・行なう・行う
	|ʔÁ	á	149	あー！
	|ʔÁ|B	ábha	787	いさかい
	|ʔÁ|C|WÚ|LЪ	ácahúḷ	246	〜(主格)には〜(対格/不定詞+ema)ができる
	|ʔÁ|C|wЪ	ácau	246.1	できる《命令形》
	|ʔÁ|C|W|M	ácahama	246.2	できる《非完了状況》
	|ʔÁ|C|W|dÍ|N	ácahadína	246.3	できる《一人称過去分詞》
	|ʔÁ|DÍ|NЪ	ádhín	691	浜辺
	|ʔÁ|DÍ|NЪ	ádhín	703	（人名）
	|ʔÁ|GÈ	ághai	735	もし
	|ʔÁ|G|TЪ	ághat	651	香辛料
	|ʔÁ|G|TÁ|NЪ|b|CU|JЪ	ághatán bacú	734	辛味のついた液体油
	|ʔÁ|GI	ághi	452	血
	|ʔÁ|GI|hÓ|MÁ|RÍ|ʔÓ|NЪ	ághihomá ríon	866	人が死んだことがきっかけで講じられた対策
	|ʔÁ|GI|MЪ	ághim	454	（人名）
	|ʔÁ|KÍ|J|MЪ	ákíjam	56	東
	|ʔÁ|KÍ|J|MÁ|NЪ|DÓ|LÓ|PÁ|NÁ|ṣɨ|Ba|JЪ|ʔÓ|MÁ|DÁ|R|dЪ	ákíjamán dhoḷopáná ṣibhaiomá dhárad	373	東諸島共和国連合
	|ʔÁ|KÚ|LЪ	ákúḷ	57	〜(対格)を読む
	|ʔÁ|MЪ	ám	58	否定副詞
	|ʔÁ|M	áma	59	二人称単数
	|ʔÁ|M|wЪ|MЪ	ámaum	626	二人称単数属格縮約形
	|ʔÁ|NÓ|MЪ	ánom	543	属格
	|ʔÁ|P	ápa	62	一人称単数
	|ʔÁ|P|SÍ|B	ápasíbha	520	私の出身
	|ʔÁ|P|wЪ|MЪ	ápaum	625	一人称単数属格縮約形
	|ʔÁ|ᵽÍ|yÓ	áphíyo	370	マーク
	|ʔÁ|SI|J|C|ZÚ|LЪ	ásijacazúḷ	496	彫刻する
	|ʔÁ|SÚ|K	ásúka	270	人
	|ʔÁ|TÉ|LÉ|TÉ|ʔ	áteletea	707	資本主義
疑義 ʔG͉ЪZÁ	|ʔÁ|ZÁ	ázá	542	主格
	|ʔÁ|ṣÁ	áṣá	177	〜を原因として
	|ʔÁ|ṣÁ|NЪ	áṣán	614	～を原因としての
	|ʔÁ|ṭ|MЪ	áṭam	291	(甘い)練り物
	|ʔÍ|C|LÁ|TЪ	ícaḷát	865	静かな
	|ʔÍ|dI|TÈ|MЪ	íditaim	450	（人名）
	|ʔÍ|dÚ|LЪ	ídúḷ	179	〜(ghi)へ入る
	|ʔÍ|ṇÓ|ʔÚ|LЪ	íṇoúḷ	750	はっちゃける
	|ʔÚ|JÓ	újo	586	せーの
	|ʔÚ|P|dÁ|CÚ|LЪ	úpadácúḷ	773	〜(対格)の直後に後続している
	|ʔÚ|R|J|KÁ|TÁ|bÁ|G	úrajakátá bágha	730	実数
	|ʔÚ|R|JÚ|LЪ	úrajúḷ	219	普通である
	|ʔÚ|RÓ	úro	142	墨
	|ʔÚ|RÓ|K|JÚ|LЪ	úrokajúḷ	796	〜(具格)(公害など)で〜(hína)を黒く塗りつぶす
	|ʔÚ|RÓ|ʔÚ|LЪ	úroúḷ	365	黒い
	|ḍU|bÁ|JÓ|NÍ|M|ṣЪ	ḍubájonímaṣ	592	ドゥバーギョ民族
	|ḍU|JÚ|LЪ	ḍujúḷ	668	賄賂を渡す
	|ḍÁ|ZЪ	ḍáz	83	店
	|ṣ|B|WU	ṣabhahu	127	オパール
	|ṣ|B|WU|MЪ	ṣabhahum	298	（人名）
	|ṣ|H|bÁ|TЪ	ṣahabát	652	シャハバート詩
	|ṣ|HÉ	ṣahe	361	(属格で修飾し)～の両方
	|ṣ|WÚ|LЪ	ṣahúḷ	445	歌う
	|ṣÉ	ṣe	362	(属格で修飾し)～の両方
	|ṣÉ|K|HU|NЪ|NÚ|LЪ	ṣekahunnúḷ	661	からまる
	|ṣɨ|Ba|JЪ	ṣibhai	131	国
	|ṣɨ|Ba|JЪ|Jo|ƝU	ṣibhaijoṇu	776	政府
	|ṣɨ|ṇЪ|ṇ	ṣiṇṇa	133	しかし
	|ṣÉ|S|ʔÚ|LЪ	ṣlesaúḷ	840	〜(対格)を指揮している
	|ṣÓ|MЪ	ṣom	769	(属格で修飾し)～の手柄・功績
	|ṣÓ|M	ṣoma	134	土手
	|ṣÓ|M|TÁ|KU	ṣomatáku	135	共産
	|ṣÓ|M|ʔÚ|LЪ	ṣomaúḷ	136	〜(具格)に対して敬礼する
	|ṣÓ|MÚ|LЪ	ṣomúḷ	137	〜(対格)を積む
	|ṣÓ|NÁ|RÓ|NÁ|ʔÚ|LЪ	ṣonáronáúḷ	209	〜(不定詞+ema
	|ṣÓ|TЪ	ṣot	466	多くの
	|ṣÓ|y	ṣoya	221	壁
	|ṣá	ṣá	643	上
	|ṣÁ|DÓ|S|MЪ|MÁ	ṣádhosammá	695	（人名）
	|ṣÁ|NЪ	ṣán	508	5
	|ṣÁ|no|MЪ	ṣánom	506	8
	|ṣÁ|NÍ|MÓ	ṣánímo	664	濃い味のついた鶏などの皮
	|ṣÁ|R|HÚ|LЪ	ṣárahúḷ	599	夏である
	|ṣÁ|SU|BÓ|ZÚ|LЪ	ṣásubhozúḷ	470	〜(主格)は〜(対格)が〜(ghi)に入るのを許可する
	|ṣ★	ṣí	738	（直前の語を取り立てて強調する）
	|ṣ★|K	ṣíka	505	7
	|ṣ★|K|WÚ|LЪ	ṣíkahúḷ	132	座る
	|ṣ★|MЪ	ṣím	654	種無しパン
	|ṣ★|MЪ|ʔÉ|yI	ṣím_eghi	743	石皿
	|ṣ★|y	ṣíya	685	判断
	|ṣ★|y|bÁ|TЪ	ṣíyabát	553	法廷
	|ṣ★|y|SÚ|K	ṣíyasúka	698	裁判官
	|ṣ★|yÁ|ʔÚ|LЪ	ṣíyáúḷ	269	〜(対格)を裁く
	|ṣ★|ṣЪ	ṣíṣ	673	動物の足
	|ṣÚ|S	ṣúsa	242	空
	|ṣÚ|S|hÓ|MÁ|NU|ʔЪ|ʔ	ṣúsahomá nutta	260	雨
	|ṣÚ|S|hÓ|MÁ|ṣɨ|Ba|JЪ	ṣúsahomá ṣibhai	737	ユエスレオネ連邦
	|ṭ|XÓ|TЪ	ṭaxot	775	(セットカイクの)シーズン終了
	|ṭá|CЪ	ṭác	621	尊敬すべき
	|ṭá|N|DÓ|KI|TЪ	ṭánadhokit	710	椰子の実
	|ṭá|N|SÁ|CÚ	ṭánasácú	709	椰子の木
	|ṭá|XÈ|SI|ʔ	ṭáxaisia	823	岩間