ʔa.cЪ.ca.bá.tЪ	ʔa.cЪ.ca.bá.tЪ	306	(文法上の)文
ʔa.cЪ.cú.ḷЪ	ʔa.cЪ.cú.ḷЪ	52	〜(対格)を書く
ʔa.cЪ.wi.ka.nЪ.ti.ʔe	ʔa.cЪ.wi.ka.nЪ.ti.ʔe	715	論文
ʔa.dha	ʔa.dha	53	目
ʔa.dha.há.ṣi.nЪ	ʔa.dha.há.ṣi.nЪ	817	審美眼に乏しいような
ʔa.dhe.ṣЪ	ʔa.dhe.ṣЪ	223	王
ʔa.dhe.ṣЪ	ʔa.dhe.ṣЪ	552	アデーシュ
ʔa.dhe.ṣЪ.ṣí.ya	ʔa.dhe.ṣЪ.ṣí.ya	729	王を弾劾する裁判
ʔa.ghau.ṭa	ʔa.ghau.ṭa	55	本、図書
ʔa.ghau.ṭa.wai.mЪ	ʔa.ghau.ṭa.wai.mЪ	299	（人名）
ʔai.bhau.sa	ʔai.bhau.sa	545	具格
ʔa.mi.la	ʔa.mi.la	61	魚
ʔa.mi.la.ho.má.nu.tЪ.ta	ʔa.mi.la.ho.má.nu.tЪ.ta	258	魚醤
ʔa.mЪ.má.nЪ	ʔa.mЪ.má.nЪ	478	形態素
ʔa.mЪ.mú.ḷЪ	ʔa.mЪ.mú.ḷЪ	386	降りる
ʔa.má.ma	ʔa.má.ma	60	大きい
ʔa.má.ma.bo.hú	ʔa.má.ma.bo.hú	345	「大移住」
ʔa.mú.ḷЪ	ʔa.mú.ḷЪ	226	〜(対格)に（比喩的な意味で）勝る
ʔa.má.ḷЪ	ʔa.má.ḷЪ	226.1	勝る《受動不定詞》
ʔa.mЪ	ʔa.mЪ	226.2	勝る《命令形》
ʔa.mЪ.ma.zЪ	ʔa.mЪ.ma.zЪ	226.3	勝る《名詞化第一》
ʔa.ma.mú	ʔa.ma.mú	226.4	勝る《二人称終止詞》
ʔa.ma.ní	ʔa.ma.ní	226.5	勝る《二人称受動終止詞》
ʔa.ma.bo.hú.ḷЪ	ʔa.ma.bo.hú.ḷЪ	226.6	勝る《-boh-不定詞》
ʔa.ma.ḷo	ʔa.ma.ḷo	226.7	勝る《一人称受動不定詞》
ʔa.mí.ṣЪ	ʔa.mí.ṣЪ	226.8	勝る《名詞化第三》
ʔa.sí.ja.ʔú.ḷЪ	ʔa.sí.ja.ʔú.ḷЪ	473	〜(対格)へ石を投げる
ʔa.tЪ.tu.jú.ḷЪ	ʔa.tЪ.tu.jú.ḷЪ	820	真っ直ぐである
ʔa.tЪ.tú.ghi.mЪ	ʔa.tЪ.tú.ghi.mЪ	821	（人名）
ʔau.ma.ká.tá.ro.dЪ	ʔau.ma.ká.tá.ro.dЪ	378	ハラント
ʔau.mú.ḷЪ	ʔau.mú.ḷЪ	377	傾いている
ʔau.phЪ.phá.gЪ	ʔau.phЪ.phá.gЪ	678	マスク
ʔa.zú.gЪ	ʔa.zú.gЪ	676	謀略
ʔa.ḍu.ha.há.ṣi.nЪ	ʔa.ḍu.ha.há.ṣi.nЪ	818	審美眼に乏しいような
ʔa.ḍu.hai.dú.ḷЪ	ʔa.ḍu.hai.dú.ḷЪ	645	～(ghi)を覗く
ʔa.ḍu.ha.zo.ʔú.ḷЪ	ʔa.ḍu.ha.zo.ʔú.ḷЪ	54	〜(対格)を見る
ʔa.ḍu.ha.zo.ʔú.ḷЪ	ʔa.ḍu.ha.zo.ʔú.ḷЪ	504	〜(ghi)へ直線的に向かう
ʔa.ḍu.ha.zá.ʔú.ḷЪ	ʔa.ḍu.ha.zá.ʔú.ḷЪ	339	〜(対格)を〜(具格)(人)に見させる
ʔa.ḍu.há.ṣi.nЪ	ʔa.ḍu.há.ṣi.nЪ	819	審美眼に乏しいような
ʔa.ḍí	ʔa.ḍí	353	えーっと
ʔa.ṭa.mЪ	ʔa.ṭa.mЪ	63	神
ʔa.ṭa.mЪ.ká.dЪ	ʔa.ṭa.mЪ.ká.dЪ	315	神の光
ʔa.ṭa.za	ʔa.ṭa.za	64	主義
ba.cú	ba.cú	468	液体の植物油
ba.mЪ.mi.cЪ	ba.mЪ.mi.cЪ	629	バンミス
ba.nЪ.nú.ḷЪ	ba.nЪ.nú.ḷЪ	688	高い
ba.ná.ma.nЪ	ba.ná.ma.nЪ	65	親
bau.kЪ.ká	bau.kЪ.ká	67	だんだん
bhai	bhai	312	（直前に数詞・直後に属格語尾を取って）〜番目の
bha.jú.ḷЪ	bha.jú.ḷЪ	222	心ひかれている
bha.tЪ.tá	bha.tЪ.tá	634	味
bha.tЪ.tá.ʔá.ḷЪ	bha.tЪ.tá.ʔá.ḷЪ	635	～(主格)は味を感じる
bhau.da	bhau.da	838	尻
bhau.kЪ	bhau.kЪ	746	(～という)名
bhau.mЪ	bhau.mЪ	628	私たちの(除外)
bhau.ya	bhau.ya	797	～の間に
bha.ṇЪ.ṇo.ʔú.ḷЪ	bha.ṇЪ.ṇo.ʔú.ḷЪ	824	腐る
bha.ṣЪ	bha.ṣЪ	388	ちなみに〜
bhe.gha.hЪ.há	bhe.gha.hЪ.há	679	疲れ切ったときに空元気を出すときの擬声語
bhe.gha.hЪ.há.ʔo.ka.jú.ḷЪ	bhe.gha.hЪ.há.ʔo.ka.jú.ḷЪ	812	疲労をアピールする
bho.da.kí	bho.da.kí	642	船乗り
bho.da.kí.ʔa.dha	bho.da.kí.ʔa.dha	856	空模様から天気（特に波高）を予測する技量
bho.di	bho.di	526	海
bho.di.bha.tЪ.tá	bho.di.bha.tЪ.tá	636	海の味（魚系統の調味料と塩をまとめて指す）
bho.di.bhá.ra	bho.di.bhá.ra	527	潮風
bho.dí.yo	bho.dí.yo	548	海塩
bho.gЪ	bho.gЪ	225	色
bho.ghá.nЪ.re.kЪ	bho.ghá.nЪ.re.kЪ	809	顔料
bho.he.ʔá.ḷЪ	bho.he.ʔá.ḷЪ	487	法により制限されている
bho.he.ʔá.ḷЪ	bho.he.ʔá.ḷЪ	489	bhoheúḷの受動形
bho.he.ʔú.ḷЪ	bho.he.ʔú.ḷЪ	336	〜(対格)(二つ以上のもの)を交換する
bho.ma	bho.ma	76	手
bho.ma.nЪ	bho.ma.nЪ	550	（人名）
bho.ma.rí.zЪ	bho.ma.rí.zЪ	861	得たいという欲望
bho.mú.ḷЪ	bho.mú.ḷЪ	77	〜(対格)を取る
bho.ʔú.ḷЪ	bho.ʔú.ḷЪ	316	〜(hína)は〜(主格)で溢れている
bho.ḷa	bho.ḷa	863	羊
bho.ḷo.gЪ	bho.ḷo.gЪ	488	法
bho.ḷo.rí.ya	bho.ḷo.rí.ya	686	法的判断
bho.ḷo.rú.ḷЪ	bho.ḷo.rú.ḷЪ	486	法を定める
bho.ṇau	bho.ṇau	168	小動物が地面に作る巣穴
bho.ṣa.hú.ḷЪ	bho.ṣa.hú.ḷЪ	227	起き上がる
bhá	bhá	68	私たち(除外)
bhá	bhá	169	全ての
bhá.ha	bhá.ha	828	時代に取り残された者
bhá.he.pa	bhá.he.pa	277	(属格で)国際的な
bhá.he.pa	bhá.he.pa	278	国際的に
bhá.he.ʔú.ḷЪ	bhá.he.ʔú.ḷЪ	210	遅刻である
bhá.ja.bá.ni	bhá.ja.bá.ni	251	数字
bhá.ja.bá.ni.dhe.lá.ná.hú.ḷЪ	bhá.ja.bá.ni.dhe.lá.ná.hú.ḷЪ	727	～(ghi)の近似精度を向上する
bhá.ká.ṇa	bhá.ká.ṇa	309	(属格で)常なる
bhá.ká.ṇa	bhá.ká.ṇa	310	常に
bhá.ma	bhá.ma	69	私たち(包括)
bhá.mau.mЪ	bhá.mau.mЪ	627	私たちの(包括)
bhá.má.ka.zЪ	bhá.má.ka.zЪ	701	あらゆるものへの我慢
bhá.nЪ	bhá.nЪ	70	～を通って
bhá.na.di.tЪ	bhá.na.di.tЪ	728	いじめっ子
bhá.ni.mЪ.mú.ḷЪ	bhá.ni.mЪ.mú.ḷЪ	660	秋である
bhá.pa.ro.hú.ḷЪ	bhá.pa.ro.hú.ḷЪ	798	～(主格)は～(具格)(特性)を共有している
bhá.pú.ḷЪ	bhá.pú.ḷЪ	150	〜(hína)である
bhá.ra	bhá.ra	71	風
bhá.ra	bhá.ra	869	粥
bhá.ro	bhá.ro	72	感染症
bhá.rú.ḷЪ	bhá.rú.ḷЪ	73	風が吹く
bhá.tЪ	bhá.tЪ	74	バート人
bhá.nЪ.ní.ma.ṣЪ	bhá.nЪ.ní.ma.ṣЪ	554	バート民族
bhá.nЪ.ní.ma.ṣЪ	bhá.nЪ.ní.ma.ṣЪ	555	バートニーマシュ
bhá.tá.nЪ.rá.si.tЪ	bhá.tá.nЪ.rá.si.tЪ	296	「バートらしさ」
bhá.tá.nЪ.ze.pha	bhá.tá.nЪ.ze.pha	320	バート語
bhá.tú.ḷЪ	bhá.tú.ḷЪ	75	〜(ghi)に対して〜(対格)を話す・喋る
bhá.za.hú.ḷЪ	bhá.za.hú.ḷЪ	174	白い
bhá.zau	bhá.zau	364	(属格で)白い
bhá.zau.ká.za.le.kЪ	bhá.zau.ká.za.le.kЪ	655	精液の婉曲表現
bhá.ṇí	bhá.ṇí	721	愚かさ
bhá.ṇú.ḷЪ	bhá.ṇú.ḷЪ	224	愚かである
bhá.ṣЪ	bhá.ṣЪ	387	ちなみに〜
bhá.ṭá.mú.ḷЪ	bhá.ṭá.mú.ḷЪ	182	珍しい
bi.tá.na.mi	bi.tá.na.mi	692	十四
bo.ha.ca.jú.ḷЪ	bo.ha.ca.jú.ḷЪ	647	～(ghi)へ近づく
bo.ha.má.tu.jú.ḷЪ	bo.ha.má.tu.jú.ḷЪ	601	飛んでいく
bo.hú.ḷЪ	bo.hú.ḷЪ	78	〜(ghi)へ行く
bo.mЪ	bo.mЪ	369	不可能副詞
bo.rí.ṣЪ	bo.rí.ṣЪ	836	来歴
bo.rú.ḷЪ	bo.rú.ḷЪ	835	〜(oṣa)に由来する
bo.ḷo.rú.ḷЪ	bo.ḷo.rú.ḷЪ	756	甘い
bo.ṇú.ḷЪ	bo.ṇú.ḷЪ	580	〜(対格)を舐める
bá.cu.jú.ḷЪ	bá.cu.jú.ḷЪ	469	〜(対格)に油を注ぐ
bá.dha	bá.dha	739	家
bá.gha	bá.gha	250	数
bá.gha.ḍi.bhá.nЪ.ṣí.ya	bá.gha.ḍi.bhá.nЪ.ṣí.ya	687	定量的評価
bá.ka.tú	bá.ka.tú	371	勇敢な者
bá.ka.tú.ná.me	bá.ka.tú.ná.me	813	勇敢な者どもが打ち開いた
bá.ka.tú.ḷЪ	bá.ka.tú.ḷЪ	372	勇ましい
bá.ka.zЪ	bá.ka.zЪ	271	我慢
bá.kú.ḷЪ	bá.kú.ḷЪ	247	〜(対格)を我慢できている
bá.ni	bá.ni	66	文字
bá.ni.mЪ	bá.ni.mЪ	300	（人名）
bá.ni.wai.mЪ	bá.ni.wai.mЪ	507	（人名）
bá.ni.ṣo.mЪ	bá.ni.ṣo.mЪ	284	字積
bá.ta.tЪ	bá.ta.tЪ	380	外
bá.ta.ṇЪ.ṇau.ṭu	bá.ta.ṇЪ.ṇau.ṭu	382	借用語
bá.tu.jú.ḷЪ	bá.tu.jú.ḷЪ	600	飛ぶ
bá.ṇa.mЪ	bá.ṇa.mЪ	740	どこかしら辺鄙な場所で
bá.ṣi	bá.ṣi	232	すっかり
ca.hú.ḷЪ	ca.hú.ḷЪ	323	〜(対格)をつかまえる
cau.ze.mЪ	cau.ze.mЪ	323.3	〜(対格)をつかまえる《命令形》
ca.hú.ḷЪ	ca.hú.ḷЪ	323.5	〜(対格)をせきとめる
cau.ze.mЪ	cau.ze.mЪ	323.7	〜(対格)をせきとめる《命令形》
cai	cai	217	〜(具格)の近く
cai.ní.ju	cai.ní.ju	211	チョッキ
cai.xi.tЪ	cai.xi.tЪ	509	革命
cai.xi.ta.nau.ni.ja.su.ka	cai.xi.ta.nau.ni.ja.su.ka	511	フェンテショレー
ca.jú.ḷЪ	ca.jú.ḷЪ	152	〜(hína)に似ている・まるで〜(hína)のようである
ca.tí.gЪ	ca.tí.gЪ	602	蚊や虻など刺したりしてくる虫全般
cau	cau	328	cahúḷの強語幹
ca.zú.ḷЪ	ca.zú.ḷЪ	497	深くする
ce.já.ʔú.ḷЪ	ce.já.ʔú.ḷЪ	675	待っている
ce.khai	ce.khai	463	セットカイク
ce.pa.te.pa	ce.pa.te.pa	82	会話
ce.ṣa.kí	ce.ṣa.kí	697	犬男
ce.ṣo	ce.ṣo	308	犬
co.dhi	co.dhi	681	声
co.dhi.dhe.lЪ.cá.kí.ka.ʔú.ḷЪ	co.dhi.dhe.lЪ.cá.kí.ka.ʔú.ḷЪ	844	物議を醸す
co.dhá.ʔú.ḷЪ	co.dhá.ʔú.ḷЪ	702	声を上げる
co.gha.ni	co.gha.ni	572	いつか
co.gha.ṭu	co.gha.ṭu	573	いつでも
co.ghi	co.ghi	571	いつ
co.gho.mЪ	co.gho.mЪ	567	いつの
co.mЪ	co.mЪ	566	どの
co.ra.jú.ḷЪ	co.ra.jú.ḷЪ	578	どのようである
co.ḍu	co.ḍu	570	どれでも
co.ṇa.ná	co.ṇa.ná	562	どれか
co.ṇu	co.ṇu	770	シャモット（焼いた粘土の粉）
co.ṇá	co.ṇá	561	どれ
cu.nЪ	cu.nЪ	705	〜といえども
cá.jau	cá.jau	79	～と共に
cá.kí.ka.ʔú.ḷЪ	cá.kí.ka.ʔú.ḷЪ	80	〜(対格)を訪れさせる
cá.kí.ká.ta	cá.kí.ká.ta	215	幸運
cá.kí.ká.ta.ḍi.cá.jau	cá.kí.ká.ta.ḍi.cá.jau	498	幸運にも
cá.kí.kú.ḷЪ	cá.kí.kú.ḷЪ	81	〜(oṣa)から来る
cá.na.jú.ḷЪ	cá.na.jú.ḷЪ	155	〜(対格)に気づく
cá.ta.ghi	cá.ta.ghi	603	蚊や虻など刺したりしてくる虫全般
cá.wa.ṭai.mЪ	cá.wa.ṭai.mЪ	557	（人名）
da.nú.ḷЪ	da.nú.ḷЪ	274	〜(不定詞)してもよい
da.tЪ	da.tЪ	253	〜だけ
dau.pha	dau.pha	213	限界
dau.pha.sá.ka	dau.pha.sá.ka	854	(分詞+dauphasákabhau bohúḷで)可能な限り〜をする
de.ja	de.ja	180	なんとまあ
dhai.zЪ	dhai.zЪ	834	長さ
dha.ma	dha.ma	693	見たところ
dhau.na	dhau.na	666	虎
dhe.di.gha.tЪ	dhe.di.gha.tЪ	517	テティェン（鳥名）の子供
dhe.se.nЪ	dhe.se.nЪ	864	（人名）
dhe.se.ʔú.ḷЪ	dhe.se.ʔú.ḷЪ	233	〜(対格)を聞いている
dhe.tЪ	dhe.tЪ	516	テティェン（鳥名）
dhe.zЪ	dhe.zЪ	479	一息つくこと
dhe.zá.nЪ.ʔe	dhe.zá.nЪ.ʔe	839	ピッチが高くなり息抜きが発生するたびに軸を切る流儀
dhe.zá.ʔú.ḷЪ	dhe.zá.ʔú.ḷЪ	234	〜(対格)を見つけて抜き取る
dhe.ṣi.nЪ	dhe.ṣi.nЪ	872	（暦の）〜月
dho.ki.tЪ	dho.ki.tЪ	589	果実
dho.ki.tú.ḷЪ	dho.ki.tú.ḷЪ	699	果実が実る
dho.zo.cú.ḷЪ	dho.zo.cú.ḷЪ	658	驚く
dho.ḷo.pЪ	dho.ḷo.pЪ	85	島
dho.ḷo.pá.ná.dhá.ra.dЪ	dho.ḷo.pá.ná.dhá.ra.dЪ	374	東諸島共和国連合
dhá.kЪ	dhá.kЪ	772	素早く
dhá.nЪ	dhá.nЪ	665	ダーン湖（グォン・アルト藩国にある湖の一つ）
dhá.nЪ	dhá.nЪ	816	～だというのにもかかわらず
dhá.ra.dЪ	dhá.ra.dЪ	84	連合
dhá.ra.dai.dú.ḷЪ	dhá.ra.dai.dú.ḷЪ	749	〜(ghi)に押しかける
dhá.ra.dú.ḷЪ	dhá.ra.dú.ḷЪ	443	（一つの場所に）集まる
dhá.zú.ḷЪ	dhá.zú.ḷЪ	207	楽しい
dhá.ḷo.mЪ	dhá.ḷo.mЪ	690	広場
dhí.ma.tЪ	dhí.ma.tЪ	640	針
dhí.ná	dhí.ná	546	後置格
dhí.pЪ	dhí.pЪ	183	鎖
dhí.ṣЪ	dhí.ṣЪ	837	爪
do.gha.jú.ḷЪ	do.gha.jú.ḷЪ	588	～(対格)を濾す
do.ma	do.ma	559	誰
do.ma.na	do.ma.na	560	誰か
do.ma.ṭu	do.ma.ṭu	569	誰でも
dá.cú.ḷЪ	dá.cú.ḷЪ	459	〜(対格)に後続している
dá.kí.nú.ḷЪ	dá.kí.nú.ḷЪ	303	〜(対格)を〜(ghi)に与える・あげる・渡す
dá.pЪ	dá.pЪ	637	唇
dá.ṣЪ	dá.ṣЪ	465	〜(具格)の後ろ
dí	dí	156	それ
dí.ʔa.bá.ni	dí.ʔa.bá.ni	747	引用符
dí.ʔa.ʔú.ḷЪ	dí.ʔa.ʔú.ḷЪ	745	～(対格)を引用する
dí.ghi	dí.ghi	515	テニェーク（鳥名）
dí.lЪ	dí.lЪ	744	串
dí.li.ta.mЪ	dí.li.ta.mЪ	500	（人名）
dí.ma	dí.ma	228	(第三形式名詞)
dí.na	dí.na	205	自身
dí.nau.mЪ	dí.nau.mЪ	801	dína 属格縮約形
dí.ṣo	dí.ṣo	176	花
ʔe.ʔa	ʔe.ʔa	352	えーっと
ʔe.bhau.da	ʔe.bhau.da	867	nautuhomá e の末尾部分
ʔe.co.dhi	ʔe.co.dhi	680	母音
ʔe.ghi	ʔe.ghi	385	石
ʔe.ghi.nЪ	ʔe.ghi.nЪ	694	（人名）
ʔe.hai	ʔe.hai	314	王冠
ʔe.hai.ho.má.ká.dЪ	ʔe.hai.ho.má.ká.dЪ	317	冠の光
ʔe.kЪ	ʔe.kЪ	86	〜らしい
ʔe.ká.ghi	ʔe.ká.ghi	788	nautuhomá e の先頭部分
ʔe.la.me	ʔe.la.me	780	軍人
ʔe.la.me.ni.ʔá.cЪ	ʔe.la.me.ni.ʔá.cЪ	358	労働者
ʔe.le.sa	ʔe.le.sa	544	対格
ʔe.ma	ʔe.ma	87	（稀）～ように
ʔe.pa	ʔe.pa	88	土地
ʔe.pa.hí.ja	ʔe.pa.hí.ja	615	文化
ʔe.pa.mЪ	ʔe.pa.mЪ	347	（人名）
ʔe.pha.ʔú.ḷЪ	ʔe.pha.ʔú.ḷЪ	499	落ちる
ʔe.sú.ka	ʔe.sú.ka	800	中心人物
ʔe.yá.ʔú.ḷЪ	ʔe.yá.ʔú.ḷЪ	474	〜(対格)を率いている
ga.ṇЪ.ṇí	ga.ṇЪ.ṇí	512	えーっと
gha.cЪ.cú.ḷЪ	gha.cЪ.cú.ḷЪ	547	〜(対格/hína)を理解する
ghau	ghau	281	刀
ghau.ja.ghá	ghau.ja.ghá	283	武器
ghau.ṣЪ	ghau.ṣЪ	595	名詞
ghi	ghi	90	～へ
ghi.bhá.ṭú.ḷЪ	ghi.bhá.ṭú.ḷЪ	785	後悔する
ghi.dí.nЪ	ghi.dí.nЪ	606	～への
ghi.kí.sa	ghi.kí.sa	461	木の小片
ghi.tЪ.to	ghi.tЪ.to	346	jekto姓
ghu.tЪ.tá.mЪ	ghu.tЪ.tá.mЪ	667	焼き物の壺
ghu.ṇá.sú.ka	ghu.ṇá.sú.ka	846	付き人
ghu.ṇú.ḷЪ	ghu.ṇú.ḷЪ	842	〜(対格)を〜(hína/ghi)に置く
ghu.ṇЪ.ṇe.gha.ʔú.ḷЪ	ghu.ṇЪ.ṇe.gha.ʔú.ḷЪ	843	〜(対格)を繋げる
ghá	ghá	282	弓
ghá.mo.ghú.ḷЪ	ghá.mo.ghú.ḷЪ	767	赤い
ghá.nЪ	ghá.nЪ	766	赤
ghá.na.ʔú.ḷЪ	ghá.na.ʔú.ḷЪ	290	〜(対格)を加熱する・温める・暖める・加温する・熱くする・暑がらせる
ghá.ni	ghá.ni	173	火
ghá.nú.ḷЪ	ghá.nú.ḷЪ	214	暑い
ghá.tu	ghá.tu	89	子供
ghá.wa.nú.ní.ma.ṣЪ	ghá.wa.nú.ní.ma.ṣЪ	556	ドゥバーギョ民族
ghá.yo.ʔú.ḷЪ	ghá.yo.ʔú.ḷЪ	344	鋳造する
ghí.ma	ghí.ma	768	筒状の笛
ghí.yo	ghí.yo	235	塩
gá.pa.de.nЪ	gá.pa.de.nЪ	622	フォント
ha	ha	91	～しよう
he.la.zá	he.la.zá	583	波
he.mЪ	he.mЪ	93	完了の無変化動詞
he.ma.sá	he.ma.sá	483	hemと-sáの連語。
he.ma.sá.ṇau.ṭu	he.ma.sá.ṇau.ṭu	594	状態動詞
he.mi.jo.ya	he.mi.jo.ya	481	hemとjoyaの連語
he.mЪ.má.nЪ	he.mЪ.má.nЪ	805	〜でありやがるような
he.mú.ḷЪ	he.mú.ḷЪ	94	ある
he.yá.zЪ	he.yá.zЪ	239	思考
he.yá.ʔú.ḷЪ	he.yá.ʔú.ḷЪ	95	〜(ema)を思う・〜(ema)について考える
ho	ho	229	第二形式名詞
ho	ho	841	呼びかけ助辞
ho.dhi	ho.dhi	696	油（比喩的にのみ用いる）
ho.ra.bá.tЪ	ho.ra.bá.tЪ	97	文化
ho.ra.ná.hú.ḷЪ	ho.ra.ná.hú.ḷЪ	771	〜(対格)を〜(ghi)に書き加える
ho.rú.ḷЪ	ho.rú.ḷЪ	98	〜(対格)を書く
hu.ṭe.ʔú.ḷЪ	hu.ṭe.ʔú.ḷЪ	154	〜(動詞不定詞)が始まる
há	há	92	あー！えー
há.ju	há.ju	725	闇
há.mí	há.mí	722	美しさ
há.mú.ḷЪ	há.mú.ḷЪ	683	美しい
há.ta	há.ta	186	布
há.ta.ṣo.mЪ	há.ta.ṣo.mЪ	187	ポケット
há.ṣi.nЪ	há.ṣi.nЪ	662	～なき～
hí.ja	hí.ja	188	心
hí.ja.ghá.yo.ʔú.ḷЪ	hí.ja.ghá.yo.ʔú.ḷЪ	762	～(対格)に心を注ぎ込む
hí.jai.dú.ḷЪ	hí.jai.dú.ḷЪ	755	～(ghi)(趣味や芸術など)に入れ込む
hí.ja.re.cú.ḷЪ	hí.ja.re.cú.ḷЪ	830	秘めていた心のうちをさらけ出す
hí.na	hí.na	96	～に
hí.nai	hí.nai	849	～にある～
hí.ná.zá.wá.nЪ	hí.ná.zá.wá.nЪ	613	～で起きた
ja	ja	178	そして
ja	ja	706	〜といえども
ja.gha	ja.gha	718	確実に～だろう
ja.mЪ.mo.hú.ḷЪ	ja.mЪ.mo.hú.ḷЪ	585	〜(主格)(人)が〜(oṣa)から〜(ghi)へ物理的に外出する
ja.mo.hú.ḷЪ	ja.mo.hú.ḷЪ	584	出る
ja.ná.ʔú.ḷЪ	ja.ná.ʔú.ḷЪ	191	〜(oṣa)を材料として〜(対格)を作る
ja.nú.ḷЪ	ja.nú.ḷЪ	192	生じる
ja.rú.ṣi	ja.rú.ṣi	212	そしてその後
jau.pha	jau.pha	808	留め針
jo	jo	99	または
jo.dhi.tЪ	jo.dhi.tЪ	793	〜(具格)の 4 分の 1
jo.gЪ	jo.gЪ	523	（勘違いによる）誤情報
jo.ghe.le.ca.hú.ḷЪ	jo.ghe.le.ca.hú.ḷЪ	848	口にする前に自身の主張に含まれる誤りに気づく
jo.kЪ	jo.kЪ	558	viokk姓
jo.mú.ḷЪ	jo.mú.ḷЪ	663	拾う
jo.ra.ʔú.ḷЪ	jo.ra.ʔú.ḷЪ	524	～(対格)にヤスリがけをする
jo.ro.ḷo	jo.ro.ḷo	874	ヨヴローロ（魚名）
jo.se.dú.ḷЪ	jo.se.dú.ḷЪ	656	沈む
jo.ya	jo.ya	480	もし〜(前文)なら〜(後文)
jo.ṇu	jo.ṇu	733	政府
ju.ʔe.cЪ.le.ʔo.ne	ju.ʔe.cЪ.le.ʔo.ne	100	ユエスレオネ
já	já	717	確実に～だろう
já.mЪ	já.mЪ	319	(肯否疑問文の明示)
já.nЪ	já.nЪ	605	～への
já.pá.ʔe.ʔo	já.pá.ʔe.ʔo	494	日本
jú.gЪ	jú.gЪ	677	ユーゲ人
jú.go.kЪ	jú.go.kЪ	248	ユーゴック
jú.phe.ja	jú.phe.ja	475	ユフィア
kЪ	kЪ	216	(第一形式名詞)
ka.cú.ḷЪ	ka.cú.ḷЪ	795	復讐する、仇討ちする、報復する
kai.kú.ḷЪ	kai.kú.ḷЪ	493	〜(対格)と戦う
ka.ṣo	ka.ṣo	107	三人称女性複数
ka.ṭá.dha	ka.ṭá.dha	641	船
khai.khЪ.khai.kЪ	khai.khЪ.khai.kЪ	731	「良い戦いを」
kha.kЪ	kha.kЪ	108	父
kha.kЪ.kha.kЪ	kha.kЪ.kha.kЪ	447	咳の擬音
kha.ṇЪ.ḍí	kha.ṇЪ.ḍí	514	えーっと
kha.ṇЪ.ṇí	kha.ṇЪ.ṇí	513	えーっと
khe.mЪ	khe.mЪ	350	～(主格)は～(属格・連体詞)のものである
khá.ṣí	khá.ṣí	712	辣パン
khú.wa.dhe.ṣЪ	khú.wa.dhe.ṣЪ	862	クワ王
ki.tЪ	ki.tЪ	206	とても
ki.ṣo	ki.ṣo	110	三人称男性複数
ko	ko	111	これ
ko.li	ko.li	112	疲れ
ko.mЪ	ko.mЪ	153	この
ko.má.nЪ	ko.má.nЪ	804	こんな
ko.ra.jú.ḷЪ	ko.ra.jú.ḷЪ	648	このようである
ko.rú.ṣa.mЪ	ko.rú.ṣa.mЪ	502	（人名）
ko.ḷo.rú.ḷЪ	ko.ḷo.rú.ḷЪ	455	長年の使用により材料が劣化している
ko.ṇau	ko.ṇau	833	橋
ko.ṣЪ	ko.ṣЪ	857	人間の足
ko.ṭЪ	ko.ṭЪ	204	草
ko.ṭa.bhá.ra	ko.ṭa.bhá.ra	870	雑草やその種などを使った救荒食としての粥
ko.ṭai.mЪ	ko.ṭai.mЪ	786	（人名）
ko.ṭá.ná.ʔe.pa	ko.ṭá.ná.ʔe.pa	261	草地
ko.ṭá.ná.ṣo.ya	ko.ṭá.ná.ṣo.ya	263	垣根
ku.ja.cú	ku.ja.cú	366	(属格で)黄色い
ku.wá	ku.wá	779	(セットカイクの)筆駒
ku.ṇa.nЪ.nú.ḷЪ	ku.ṇa.nЪ.nú.ḷЪ	670	削る
ká	ká	101	三人称女性単数
ká	ká	292	kの複数形
ká.dЪ	ká.dЪ	103	光
ká.da.ká.ná	ká.da.ká.ná	359	火花
ká.da.nЪ	ká.da.nЪ	301	（人名）
ká.da.ʔú.ḷЪ	ká.da.ʔú.ḷЪ	280	〜(対格)を見せる
ká.dú.ḷЪ	ká.dú.ḷЪ	102	光る
ká.ghi	ká.ghi	758	口
ká.ghi.ná.mú.ḷЪ	ká.ghi.ná.mú.ḷЪ	759	話し始める
ká.na.ghú.ḷЪ	ká.na.ghú.ḷЪ	220	跳ねる
ká.na.tú.ḷЪ	ká.na.tú.ḷЪ	172	走る
ká.ná	ká.ná	324	kの複数属格
ká.ná	ká.ná	325	kánaghúḷの命令形
ká.ná.ká	ká.ná.ká	293	káという発話のうちkの複数形を意味していることを明示する表現
ká.ʔo.mЪ.ká	ká.ʔo.mЪ.ká	294	káという発話のうち三人称女性単数を意味していることを明示する表現
ká.za.le.kЪ	ká.za.le.kЪ	619	泥
ká.ṇa	ká.ṇa	104	時間
ká.ṇa.bho.di	ká.ṇa.bho.di	657	忘却の彼方
ká.ṇa.ho.má.ʔa.mi.la	ká.ṇa.ho.má.ʔa.mi.la	266	エイプリルフール
ká.ṇai.sa	ká.ṇai.sa	231	折よく
ká.ṇá.mЪ	ká.ṇá.mЪ	105	永遠に
ká.ṇá.mЪ	ká.ṇá.mЪ	106	永遠
kí	kí	109	三人称男性単数
kí.ghi	kí.ghi	704	kíḍi ghi の縮約
kí.sa.mú.ḷЪ	kí.sa.mú.ḷЪ	760	～(主格)は～(対格)を伸ばす
kí.tai.tú.wa	kí.tai.tú.wa	633	（都市名）
kú.cu.jú.ḷЪ	kú.cu.jú.ḷЪ	368	黄色い
kú.cú	kú.cú	367	(属格で)黄色い
lai.hau	lai.hau	847	空気
la.mЪ.mí	la.mЪ.mí	791	〜(具格)の 3 分の 1
le.gha	le.gha	114	絵
le.ghú.ḷЪ	le.ghú.ḷЪ	115	絵を描く
le.xe.ḷЪ	le.xe.ḷЪ	333	レシェール
li.mЪ.mo	li.mЪ.mo	659	塵
li.ne.pá.ne	li.ne.pá.ne	464	リパライン語
li.ne.pá.ne.ṇau.ṭu	li.ne.pá.ne.ṇau.ṭu	653	リパライン語の単語
li.pa.ko.ʔú.ḷЪ	li.pa.ko.ʔú.ḷЪ	268	〜(対格)をリパコールする
li.pa.ko.ḷЪ	li.pa.ko.ḷЪ	267	リパコール
li.pá.xe	li.pá.xe	719	リパーシェ（リパライン語を表記するのに用いられる文字）
lo.mЪ	lo.mЪ	245	三
lo.pu.dЪ	lo.pu.dЪ	815	家具
lá.bha	lá.bha	587	もしもし？
lá.na.hú.ḷЪ	lá.na.hú.ḷЪ	218	〜(対格)を追う
lá.si	lá.si	113	一
lá.si.jú.ḷЪ	lá.si.jú.ḷЪ	462	統一する
lá.si.nЪ	lá.si.nЪ	822	（人名）
lá.wa	lá.wa	708	年齢
lá.ṭЪ	lá.ṭЪ	875	（落葉樹の名）
lí.bha.ṭЪ	lí.bha.ṭЪ	784	後悔
lí.ṇa	lí.ṇa	384	ラネーメ・燐帝字母などを表す右接被覆形
lí.ṇa.bá.ni	lí.ṇa.bá.ni	313	燐字
lí.ṇa.ṇau.ṭu	lí.ṇa.ṇau.ṭu	383	ラネーメ系の単語
ma.ka.ti	ma.ka.ti	376	アイル共和国首都
ma.ná.ma.nЪ	ma.ná.ma.nЪ	117	親
ma.sá.tu	ma.sá.tu	522	（騙す意図のある）嘘
mo.ḷЪ	mo.ḷЪ	850	～にある～
má.bha	má.bha	116	二人称複数
nai	nai	868	（名詞の後ろに置いて）他ならぬ
nau	nau	360	(属格で修飾し)～のすべて
nau.ki	nau.ki	549	塩および穀物の入る木箱
nau.ne.pha.ʔú.ḷЪ	nau.ne.pha.ʔú.ḷЪ	644	勢いよく落ちる
nau.ni.jú.ḷЪ	nau.ni.jú.ḷЪ	510	反撃する
nau.ni.lo.rú.ḷЪ	nau.ni.lo.rú.ḷЪ	495	〜(対格)を刺す
nau.ná.ha.zЪ	nau.ná.ha.zЪ	832	総和
nau.tu	nau.tu	272	単語
nau.tu.ho.má.ʔe	nau.tu.ho.má.ʔe	311	シローレーカー
nau.ze.mЪ	nau.ze.mЪ	700	やめてくれ
nau.ṇa.ghú.ḷЪ	nau.ṇa.ghú.ḷЪ	492	争う
nau.ṇa.mú.ḷЪ	nau.ṇa.mú.ḷЪ	794	（食べ物や飲み物などを）過剰に摂取する
nau.ṭu	nau.ṭu	351	nautuの方言形
ne.se	ne.se	814	家具
ni.ṇЪ.ṇo.pЪ	ni.ṇЪ.ṇo.pЪ	782	製紙職人
no.nЪ	no.nЪ	288	劣悪なもの
no.nú.ḷЪ	no.nú.ḷЪ	287	〜(主格)は（質などが）劣悪である
no.tЪ	no.tЪ	565	なんの
no.ta	no.ta	577	いくつ
no.ta.ṭu	no.ta.ṭu	752	いくつも
no.ṣЪ	no.ṣЪ	790	〜(具格)の半分
nu.dho.rú.ḷЪ	nu.dho.rú.ḷЪ	457	遊ぶ
nu.mí.ju	nu.mí.ju	175	ピンク
nu.tЪ.ta	nu.tЪ.ta	122	液体
ná.dí.tí	ná.dí.tí	720	眠気
ná.dí.tú.ḷЪ	ná.dí.tú.ḷЪ	197	眠い
ná.ghu	ná.ghu	669	9
ná.ha.zЪ	ná.ha.zЪ	355	足し算
ná.he.pa	ná.he.pa	563	どこ
ná.he.pa	ná.he.pa	574	どこ
ná.he.pa.ni	ná.he.pa.ni	564	どこか
ná.he.pa.ni	ná.he.pa.ni	576	どこか
ná.he.pa.ṭu	ná.he.pa.ṭu	575	どこでも
ná.ho.zЪ	ná.ho.zЪ	356	名詞を格変化させること
ná.ho.zú.ḷЪ	ná.ho.zú.ḷЪ	357	〜(対格)を〜(具格)の形に格変化させる
ná.hú.ḷЪ	ná.hú.ḷЪ	354	〜(対格)を〜(ghi)に付け加える
ná.ju	ná.ju	748	酒
ná.mú.ḷЪ	ná.mú.ḷЪ	244	〜(対格)を開く
ná.na	ná.na	118	何
ná.na	ná.na	119	関係代名詞
ná.na.ṭu	ná.na.ṭu	568	なんでも
ná.ḷa	ná.ḷa	518	ナルヴァ（鳥名）
ná.ḷa.wai.mЪ	ná.ḷa.wai.mЪ	519	（人名）
ní.gЪ	ní.gЪ	763	（稀）鉱物粉を選り分けるために溝を掘った樋
ní.ghá.nЪ.ká.ṇa.bhau	ní.ghá.nЪ.ká.ṇa.bhau	873	時間という選別者により
ní.ma.ṣЪ	ní.ma.ṣЪ	120	民族
ní.ma.ṣá.ná.ta.ku	ní.ma.ṣá.ná.ta.ku	264	連邦
ní.nЪ	ní.nЪ	331	紙
ní.na.cЪ.cú	ní.na.cЪ.cú	121	貝葉
nú	nú	472	núḷの強語幹
nú.ʔa.jo.ra.ʔú.ḷЪ	nú.ʔa.jo.ra.ʔú.ḷЪ	761	～(対格)を洗って研ぐ
nú.dha	nú.dha	456	遊び
nú.dha.bho.ḷo.gЪ	nú.dha.bho.ḷo.gЪ	597	（ゲームの）ルール
nú.dha.bá.gha	nú.dha.bá.gha	460	（遊戯の）点数
nú.dha.há.ta	nú.dha.há.ta	777	(特に布製の)ゲームボード
nú.ma.ma	nú.ma.ma	632	（都市名）
nú.su	nú.su	476	軍
nú.ḷЪ	nú.ḷЪ	471	〜(対格)を洗う
nú.ʔa.dhí	nú.ʔa.dhí	471.5	〜(対格)を洗う《一人称終止詞》
nú.ṇá.nЪ	nú.ṇá.nЪ	853	安全な
ʔo.ghi	ʔo.ghi	852	骨
ʔo.hi	ʔo.hi	249	友
ʔo.hi.gha.tЪ	ʔo.hi.gha.tЪ	765	友人の子供
ʔo.hi.ghi	ʔo.hi.ghi	714	ohiḍi ghi の縮約
ʔo.ka.jú.ḷЪ	ʔo.ka.jú.ḷЪ	723	～(対格)を撒く
ʔo.ká.kú.ḷЪ	ʔo.ká.kú.ḷЪ	237	〜(対格)を見ている
ʔo.sa.ká.nЪ	ʔo.sa.ká.nЪ	608	～からの
ʔo.tú.ḷЪ	ʔo.tú.ḷЪ	335	〜(対格)を〜(具格)で置き換える
ʔo.ṣa	ʔo.ṣa	151	〜から
ʔo.ṣá.nЪ	ʔo.ṣá.nЪ	607	～からの
pai.ca.nu.tЪ.te	pai.ca.nu.tЪ.te	724	麺
pau.ta.wau.ta	pau.ta.wau.ta	485	能力レベル
pe.di.ʔa	pe.di.ʔa	123	フェディア
pe.me.ce.pe	pe.me.ce.pe	375	東諸島共和国連合
phai.cЪ.ni.xa.te	phai.cЪ.ni.xa.te	638	麺
phai.ga	phai.ga	341	(属格で)パイグの
phai.ga.ho.má.ze.pha	phai.ga.ho.má.ze.pha	342	パイグ語
phe	phe	624	はぁ？
phe.cú	phe.cú	579	ラ・ペーターラージテン・スーイバイモーベーン
phe.cú.phai.cЪ.ni.xa.te	phe.cú.phai.cЪ.ni.xa.te	639	ペースー麺
phe.gá.nЪ	phe.gá.nЪ	799	顔立ちのよい
phe.tЪ.tu.jЪ	phe.tЪ.tu.jЪ	811	フェーッテュイ（小麦粉に砂糖や果物のジュースを加えて発酵させずに焼いたクラッカー状のものにどんぐりの餡を塗った物）
phá.wa	phá.wa	591	しかし
phí.le.xЪ	phí.le.xЪ	806	了解した
phí.le.ṣЪ.ṣá.gЪ	phí.le.ṣЪ.ṣá.gЪ	860	イエスマン
phú.pe.nЪ	phú.pe.nЪ	171	兎
pá.wa	pá.wa	590	しかし
ra	ra	859	（直前の語に疑義があるときにつける）
ra.bhá.ṭú.ḷЪ	ra.bhá.ṭú.ḷЪ	674	砕く
ra.cá	ra.cá	845	櫛
ra.kЪ.ki.gha	ra.kЪ.ki.gha	871	ただ漫然と無為に生きているだけで何も生産的なことを行っていない輩
ra.kЪ.kú.ḷЪ	ra.kЪ.kú.ḷЪ	124	生きている
rau.ki	rau.ki	252	胸
re.cú.ḷЪ	re.cú.ḷЪ	184	〜(対格)を〜(oṣa)という包装・箱などの中から取り出す
re.kЪ	re.kЪ	618	土
re.ka.sú.kЪ	re.ka.sú.kЪ	620	泥人形
re.ká.nЪ.bha.tЪ.tá	re.ká.nЪ.bha.tЪ.tá	713	野菜や肉など特に保存がきかない陸のものの味
rí.zЪ	rí.zЪ	241	願い事
ri.jú.ḷЪ	ri.jú.ḷЪ	238	〜(対格)を願う
ro.dЪ	ro.dЪ	379	短いやつ
ro.da.he.ma.sá.ṇau.ṭu	ro.da.he.ma.sá.ṇau.ṭu	596	瞬間動詞
ro.dú.ḷЪ	ro.dú.ḷЪ	265	短い
ro.ha.ta.mЪ	ro.ha.ta.mЪ	732	（人名）
ro.hú.ḷЪ	ro.hú.ḷЪ	598	平らである
ro.ṇú.ḷЪ	ro.ṇú.ḷЪ	757	曇っている
ru.to.ṣí	ru.to.ṣí	711	渋パン
ru.ṣЪ.ṣá	ru.ṣЪ.ṣá	684	上下
rá.bha.ṭЪ	rá.bha.ṭЪ	716	破片
rá.si.tЪ	rá.si.tЪ	295	香り
rá.si.tú.ḷЪ	rá.si.tú.ḷЪ	236	香る
rí.ka	rí.ka	125	2, 二
rí.ka.ḷa.mЪ.mí	rí.ka.ḷa.mЪ.mí	792	〜(具格)の 3 分の 2
rí.la	rí.la	467	rijaḷa-の縮約
rí.ʔo.nЪ	rí.ʔo.nЪ	631	対策
rí.zЪ	rí.zЪ	240	希望
rí.za.nЪ	rí.za.nЪ	302	（人名）
rú.ka.sa	rú.ka.sa	448	年老いた女性
rú.ka.sa.mЪ	rú.ka.sa.mЪ	453	（人名）
rú.sa	rú.sa	855	（落葉樹の名）
rú.ṣЪ	rú.ṣЪ	208	下
rú.ṣá.nЪ.ká.ṇa	rú.ṣá.nЪ.ká.ṇa	262	時間的な後
sa.kЪ.ká	sa.kЪ.ká	129	万歳
se.há.zú.ḷЪ	se.há.zú.ḷЪ	286	嬉しい
se.se	se.se	203	いやだ
se.se.ʔú.ḷЪ	se.se.ʔú.ḷЪ	202	面倒だ
se.ṇa	se.ṇa	181	突然
su	su	138	金銭
su.zau	su.zau	334	suúḷの強語幹
su.jú.ḷЪ	su.jú.ḷЪ	139	〜(hína)のために〜(対格)を使う・利用する
su.ʔú.ḷЪ	su.ʔú.ḷЪ	140	商っている
su.ze.mЪ	su.ze.mЪ	140.1	商っている《命令形》
su.dí.na	su.dí.na	140.2	商っている《一人称過去分詞》
su.zau.zЪ	su.zau.zЪ	140.3	商っている《名詞化第一》
su.ḷo.rú.ḷЪ	su.ḷo.rú.ḷЪ	490	〜(具格)の強い香りで〜(対格)の不快なにおいを隠す
sá	sá	126	女性
sá.ka	sá.ka	128	道
sá.ka.ho.má.ḍá.zЪ	sá.ka.ho.má.ḍá.zЪ	259	路商
sá.pa.bhá.tЪ	sá.pa.bhá.tЪ	521	古バート語
sá.pú.ḷЪ	sá.pú.ḷЪ	458	古い
sí	sí	689	～だなぁ
sí.bha	sí.bha	130	出身
sí.bha.dho.ḷo.pЪ	sí.bha.dho.ḷo.pЪ	646	故郷の島
sí.bha.mЪ	sí.bha.mЪ	551	（人名）
sí.mo.ʔú.ḷЪ	sí.mo.ʔú.ḷЪ	858	ケチである
sí.tЪ	sí.tЪ	363	粘土
sí.yo.ʔú.ḷЪ	sí.yo.ʔú.ḷЪ	243	〜(不定詞)しすぎている
sú	sú	327	sujúḷの強語幹
sú.ḷa	sú.ḷa	491	強い芳香を持つ草やその実
tЪ	tЪ	289	感嘆を表す
ta.ku	ta.ku	141	流れ
ta.tú	ta.tú	827	約束
tЪ.cu.wo	tЪ.cu.wo	774	(ボードゲームの)駒
to.ya.tЪ	to.ya.tЪ	623	トイター教徒
tá.phí.yo.tЪ	tá.phí.yo.tЪ	444	なんかちょっとかっこいい感じのケース
we	we	829	だんだん
we.phi.se	we.phi.se	297	ヴェフィス語
wo.ghi.tЪ	wo.ghi.tЪ	143	兄弟
wo.ghi.tai.mЪ	wo.ghi.tai.mЪ	349	（人名）
wo.ghi.ta.mЪ	wo.ghi.ta.mЪ	348	（人名）
wá.ka.hú.ḷЪ	wá.ka.hú.ḷЪ	230	〜(対格)（という平面）を横切って進む
wá.pú.ḷЪ	wá.pú.ḷЪ	807	～(主格)という油が酸化して悪臭を帯びている
wá.tЪ	wá.tЪ	321	ワート弁
wá.tá.nЪ.ze.pha	wá.tá.nЪ.ze.pha	322	ワート弁
wá.ḷa	wá.ḷa	446	互いに互いを
wí.cЪ.la.tí	wí.cЪ.la.tí	789	本物
xa.lЪ.lЪ	xa.lЪ.lЪ	616	「～もどき」「擬～」「～に似て非なるもの」などを表す右接被覆形
xa.lЪ.li	xa.lЪ.li	604	「～もどき」「擬～」「～に似て非なるもの」などを表す右接被覆形
xa.lЪ.lá.bha	xa.lЪ.lá.bha	851	いがみ合いの演出
xa.lЪ.lá.no.mЪ	xa.lЪ.lá.no.mЪ	617	擬属格
xa.lЪ.lá.sú.ka	xa.lЪ.lá.sú.ka	736	人と見做すに値しない存在
xe.ju	xe.ju	144	シェユ
xe.tá	xe.tá	810	正義と判断を司る神族シェーター
xá.ghai.ka	xá.ghai.ka	343	目立ちたがり屋
xá.gha.jú.ḷЪ	xá.gha.jú.ḷЪ	581	～(主格)は～(対格)という値段である
xí.ju	xí.ju	778	投げ棒
xí.ju.bá.gha	xí.ju.bá.gha	783	投げ棒を投げて出た数
xí.zí.ʔa	xí.zí.ʔa	279	こんにちは
yá.mЪ	yá.mЪ	318	(肯否疑問文の明示)
za.lЪ.lo.ʔú.ḷЪ	za.lЪ.lo.ʔú.ḷЪ	185	〜(不定詞)すべきである
zau	zau	326	zúḷの強語幹
zau.sá.ṇau.ṭu	zau.sá.ṇau.ṭu	593	動作動詞
ze.ká.ta	ze.ká.ta	145	腰巻
ze.pha	ze.pha	146	言語
ze.ʔú.ḷЪ	ze.ʔú.ḷЪ	147	〜(対格)を巻く
zu	zu	170	再び
zu.bo.hú.ḷЪ	zu.bo.hú.ḷЪ	649	〜(ghi)へ帰る
zu.cá.kí.kú.ḷЪ	zu.cá.kí.kú.ḷЪ	650	〜(oṣa)から帰ってくる
zá.de.ʔú.ḷЪ	zá.de.ʔú.ḷЪ	285	〜(対格)を恐れている
zá.ho.ná.ʔai.bhau.sa	zá.ho.ná.ʔai.bhau.sa	682	使役具格
zá.ká.tá.zau.sá.ṇau.ṭu	zá.ká.tá.zau.sá.ṇau.ṭu	831	使役動詞
zá.mú.ḷЪ	zá.mú.ḷЪ	307	優しい
zá.na.ṇú.ḷЪ	zá.na.ṇú.ḷЪ	751	～(主格)は～(対格)を～(hína)という場所に放置している
zá.pi.ʔo.pe.cЪ	zá.pi.ʔo.pe.cЪ	630	共和国
zá.wai.mЪ	zá.wai.mЪ	449	（人名）
zá.ʔú.ḷЪ	zá.ʔú.ḷЪ	337	〜(対格)を〜(具格)(行為者)にさせる・行なわせる・行わせる
zí	zí	503	xízía.の省略
zí.ghí.ṣЪ	zí.ghí.ṣЪ	194	時計
zí.ghú.ḷЪ	zí.ghú.ḷЪ	193	整然としている
zí.ṣo	zí.ṣo	525	つる植物
zí.ṣo.mЪ	zí.ṣo.mЪ	764	（人名）
zú.ḷЪ	zú.ḷЪ	148	〜(対格)をする・行なう・行う
za.ma.lЪ.lo	za.ma.lЪ.lo	148.1	する《迷惑一人称受動終止詞》
ʔá	ʔá	149	あー！
ʔá.bha	ʔá.bha	787	いさかい
ʔá.ca.hú.ḷЪ	ʔá.ca.hú.ḷЪ	246	〜(主格)には〜(対格/不定詞+ema)ができる
ʔá.cau	ʔá.cau	246.1	できる《命令形》
ʔá.ca.ha.ma	ʔá.ca.ha.ma	246.2	できる《非完了状況》
ʔá.ca.ha.dí.na	ʔá.ca.ha.dí.na	246.3	できる《一人称過去分詞》
ʔá.dhí.nЪ	ʔá.dhí.nЪ	691	浜辺
ʔá.dhí.nЪ	ʔá.dhí.nЪ	703	（人名）
ʔá.ghai	ʔá.ghai	735	もし
ʔá.gha.tЪ	ʔá.gha.tЪ	651	香辛料
ʔá.gha.tá.nЪ.ba.cú	ʔá.gha.tá.nЪ.ba.cú	734	辛味のついた液体油
ʔá.ghi	ʔá.ghi	452	血
ʔá.ghi.ho.má.rí.ʔo.nЪ	ʔá.ghi.ho.má.rí.ʔo.nЪ	866	人が死んだことがきっかけで講じられた対策
ʔá.ghi.mЪ	ʔá.ghi.mЪ	454	（人名）
ʔá.kí.ja.mЪ	ʔá.kí.ja.mЪ	56	東
ʔá.kí.ja.má.nЪ.dho.ḷo.pá.ná.ṣi.bhai.ʔo.má.dhá.ra.dЪ	ʔá.kí.ja.má.nЪ.dho.ḷo.pá.ná.ṣi.bhai.ʔo.má.dhá.ra.dЪ	373	東諸島共和国連合
ʔá.kú.ḷЪ	ʔá.kú.ḷЪ	57	〜(対格)を読む
ʔá.mЪ	ʔá.mЪ	58	否定副詞
ʔá.ma	ʔá.ma	59	二人称単数
ʔá.mau.mЪ	ʔá.mau.mЪ	626	二人称単数属格縮約形
ʔá.no.mЪ	ʔá.no.mЪ	543	属格
ʔá.pa	ʔá.pa	62	一人称単数
ʔá.pa.sí.bha	ʔá.pa.sí.bha	520	私の出身
ʔá.pau.mЪ	ʔá.pau.mЪ	625	一人称単数属格縮約形
ʔá.phí.yo	ʔá.phí.yo	370	マーク
ʔá.si.ja.ca.zú.ḷЪ	ʔá.si.ja.ca.zú.ḷЪ	496	彫刻する
ʔá.sú.ka	ʔá.sú.ka	270	人
ʔá.te.le.te.ʔa	ʔá.te.le.te.ʔa	707	資本主義
ʔá.zá	ʔá.zá	542	主格
ʔá.ṣá	ʔá.ṣá	177	〜を原因として
ʔá.ṣá.nЪ	ʔá.ṣá.nЪ	614	～を原因としての
ʔá.ṭa.mЪ	ʔá.ṭa.mЪ	291	(甘い)練り物
ʔí.ca.ḷá.tЪ	ʔí.ca.ḷá.tЪ	865	静かな
ʔí.di.tai.mЪ	ʔí.di.tai.mЪ	450	（人名）
ʔí.dú.ḷЪ	ʔí.dú.ḷЪ	179	〜(ghi)へ入る
ʔí.ṇo.ʔú.ḷЪ	ʔí.ṇo.ʔú.ḷЪ	750	はっちゃける
ʔú.jo	ʔú.jo	586	せーの
ʔú.pa.dá.cú.ḷЪ	ʔú.pa.dá.cú.ḷЪ	773	〜(対格)の直後に後続している
ʔú.ra.ja.ká.tá.bá.gha	ʔú.ra.ja.ká.tá.bá.gha	730	実数
ʔú.ra.jú.ḷЪ	ʔú.ra.jú.ḷЪ	219	普通である
ʔú.ro	ʔú.ro	142	墨
ʔú.ro.ka.jú.ḷЪ	ʔú.ro.ka.jú.ḷЪ	796	〜(具格)(公害など)で〜(hína)を黒く塗りつぶす
ʔú.ro.ʔú.ḷЪ	ʔú.ro.ʔú.ḷЪ	365	黒い
ḍu.bá.jo.ní.ma.ṣЪ	ḍu.bá.jo.ní.ma.ṣЪ	592	ドゥバーギョ民族
ḍu.jú.ḷЪ	ḍu.jú.ḷЪ	668	賄賂を渡す
ḍá.zЪ	ḍá.zЪ	83	店
ṣa.bha.hu	ṣa.bha.hu	127	オパール
ṣa.bha.hu.mЪ	ṣa.bha.hu.mЪ	298	（人名）
ṣa.ha.bá.tЪ	ṣa.ha.bá.tЪ	652	シャハバート詩
ṣa.he	ṣa.he	361	(属格で修飾し)～の両方
ṣa.hú.ḷЪ	ṣa.hú.ḷЪ	445	歌う
ṣe	ṣe	362	(属格で修飾し)～の両方
ṣe.ka.hu.nЪ.nú.ḷЪ	ṣe.ka.hu.nЪ.nú.ḷЪ	661	からまる
ṣi.bhai	ṣi.bhai	131	国
ṣi.bhai.jo.ṇu	ṣi.bhai.jo.ṇu	776	政府
ṣi.ṇЪ.ṇa	ṣi.ṇЪ.ṇa	133	しかし
ṣe.sa.ʔú.ḷЪ	ṣe.sa.ʔú.ḷЪ	840	〜(対格)を指揮している
ṣo.mЪ	ṣo.mЪ	769	(属格で修飾し)～の手柄・功績
ṣo.ma	ṣo.ma	134	土手
ṣo.ma.tá.ku	ṣo.ma.tá.ku	135	共産
ṣo.ma.ʔú.ḷЪ	ṣo.ma.ʔú.ḷЪ	136	〜(具格)に対して敬礼する
ṣo.mú.ḷЪ	ṣo.mú.ḷЪ	137	〜(対格)を積む
ṣo.ná.ro.ná.ʔú.ḷЪ	ṣo.ná.ro.ná.ʔú.ḷЪ	209	〜(不定詞+ema
ṣo.tЪ	ṣo.tЪ	466	多くの
ṣo.ya	ṣo.ya	221	壁
ṣá	ṣá	643	上
ṣá.dho.sa.mЪ.má	ṣá.dho.sa.mЪ.má	695	（人名）
ṣá.nЪ	ṣá.nЪ	508	5
ṣá.no.mЪ	ṣá.no.mЪ	506	8
ṣá.ní.mo	ṣá.ní.mo	664	濃い味のついた鶏などの皮
ṣá.ra.hú.ḷЪ	ṣá.ra.hú.ḷЪ	599	夏である
ṣá.su.bho.zú.ḷЪ	ṣá.su.bho.zú.ḷЪ	470	〜(主格)は〜(対格)が〜(ghi)に入るのを許可する
ṣí	ṣí	738	（直前の語を取り立てて強調する）
ṣí.ka	ṣí.ka	505	7
ṣí.ka.hú.ḷЪ	ṣí.ka.hú.ḷЪ	132	座る
ṣí.mЪ	ṣí.mЪ	654	種無しパン
ṣí.mЪ.ʔe.ghi	ṣí.mЪ.ʔe.ghi	743	石皿
ṣí.ya	ṣí.ya	685	判断
ṣí.ya.bá.tЪ	ṣí.ya.bá.tЪ	553	法廷
ṣí.ya.sú.ka	ṣí.ya.sú.ka	698	裁判官
ṣí.yá.ʔú.ḷЪ	ṣí.yá.ʔú.ḷЪ	269	〜(対格)を裁く
ṣí.ṣЪ	ṣí.ṣЪ	673	動物の足
ṣú.sa	ṣú.sa	242	空
ṣú.sa.ho.má.nu.tЪ.ta	ṣú.sa.ho.má.nu.tЪ.ta	260	雨
ṣú.sa.ho.má.ṣi.bhai	ṣú.sa.ho.má.ṣi.bhai	737	ユエスレオネ連邦
ṭa.xo.tЪ	ṭa.xo.tЪ	775	(セットカイクの)シーズン終了
ṭá.cЪ	ṭá.cЪ	621	尊敬すべき
ṭá.na.dho.ki.tЪ	ṭá.na.dho.ki.tЪ	710	椰子の実
ṭá.na.sá.cú	ṭá.na.sá.cú	709	椰子の木
ṭá.xai.si.ʔa	ṭá.xai.si.ʔa	823	岩間